ref_area,reference_area,unit_measure,unit_of_measure,transport_mode,transport_mode_2,time_period,obs_value,obs_status,observation_status,unit_mult,unit_multiplier,observation_is_missing,observation_is_provisional,observation_is_estimated,observation_has_time_series_break
FIN,Finland,T,Tonnes,RAIL,Rail,2021,804,A,Normal value,3,Thousands,FALSE,FALSE,FALSE,FALSE
FIN,Finland,T,Tonnes,RAIL,Rail,2020,891,A,Normal value,3,Thousands,FALSE,FALSE,FALSE,FALSE
NLD,Netherlands,T,Tonnes,RAIL,Rail,2019,18484,A,Normal value,3,Thousands,FALSE,FALSE,FALSE,FALSE
ESP,Spain,TEU,Twenty-foot equivalent units,MAR,Maritime,2019,17435718,A,Normal value,0,Units,FALSE,FALSE,FALSE,FALSE
ESP,Spain,TEU,Twenty-foot equivalent units,MAR,Maritime,2022,17122705,P,Provisional value,0,Units,FALSE,TRUE,FALSE,FALSE
ESP,Spain,TEU,Twenty-foot equivalent units,MAR,Maritime,2021,17708797,A,Normal value,0,Units,FALSE,FALSE,FALSE,FALSE
BEL,Belgium,TEU,Twenty-foot equivalent units,MAR,Maritime,2022,12303821,A,Normal value,0,Units,FALSE,FALSE,FALSE,FALSE
BEL,Belgium,TEU,Twenty-foot equivalent units,MAR,Maritime,2021,12728236,A,Normal value,0,Units,FALSE,FALSE,FALSE,FALSE
LVA,Latvia,TEU,Twenty-foot equivalent units,MAR,Maritime,2019,470075,A,Normal value,0,Units,FALSE,FALSE,FALSE,FALSE
HRV,Croatia,TEU,Twenty-foot equivalent units,MAR,Maritime,2020,342963,A,Normal value,0,Units,FALSE,FALSE,FALSE,FALSE
HRV,Croatia,TEU,Twenty-foot equivalent units,MAR,Maritime,2019,331303,A,Normal value,0,Units,FALSE,FALSE,FALSE,FALSE
CAN,Canada,TEU,Twenty-foot equivalent units,RAIL,Rail,2019,4184417,A,Normal value,0,Units,FALSE,FALSE,FALSE,FALSE
CAN,Canada,TEU,Twenty-foot equivalent units,RAIL,Rail,2022,4139501,A,Normal value,0,Units,FALSE,FALSE,FALSE,FALSE
CAN,Canada,TEU,Twenty-foot equivalent units,RAIL,Rail,2021,4204635,A,Normal value,0,Units,FALSE,FALSE,FALSE,FALSE
GEO,Georgia,TEU,Twenty-foot equivalent units,MAR,Maritime,2019,647816,A,Normal value,0,Units,FALSE,FALSE,FALSE,FALSE
GEO,Georgia,TEU,Twenty-foot equivalent units,MAR,Maritime,2022,477094,A,Normal value,0,Units,FALSE,FALSE,FALSE,FALSE
GEO,Georgia,TEU,Twenty-foot equivalent units,MAR,Maritime,2021,401386,A,Normal value,0,Units,FALSE,FALSE,FALSE,FALSE
SWE,Sweden,TEU,Twenty-foot equivalent units,MAR,Maritime,2022,1270096,A,Normal value,0,Units,FALSE,FALSE,FALSE,FALSE
SWE,Sweden,TEU,Twenty-foot equivalent units,MAR,Maritime,2021,1290922,A,Normal value,0,Units,FALSE,FALSE,FALSE,FALSE
SWE,Sweden,TEU,Twenty-foot equivalent units,MAR,Maritime,2020,1209336,A,Normal value,0,Units,FALSE,FALSE,FALSE,FALSE
EST,Estonia,TEU,Twenty-foot equivalent units,MAR,Maritime,2019,242060,A,Normal value,0,Units,FALSE,FALSE,FALSE,FALSE
EST,Estonia,TEU,Twenty-foot equivalent units,MAR,Maritime,2022,279624,A,Normal value,0,Units,FALSE,FALSE,FALSE,FALSE
ISR,Israel,TEU,Twenty-foot equivalent units,MAR,Maritime,2019,2917166,A,Normal value,0,Units,FALSE,FALSE,FALSE,FALSE
ISR,Israel,TEU,Twenty-foot equivalent units,MAR,Maritime,2021,3133097,A,Normal value,0,Units,FALSE,FALSE,FALSE,FALSE
NOR,Norway,TEU,Twenty-foot equivalent units,RAIL,Rail,2019,309139,A,Normal value,0,Units,FALSE,FALSE,FALSE,FALSE
NOR,Norway,TEU,Twenty-foot equivalent units,RAIL,Rail,2022,320617,A,Normal value,0,Units,FALSE,FALSE,FALSE,FALSE
NOR,Norway,TEU,Twenty-foot equivalent units,RAIL,Rail,2021,310320,A,Normal value,0,Units,FALSE,FALSE,FALSE,FALSE
ITA,Italy,TEU,Twenty-foot equivalent units,RAIL,Rail,2019,2587850,A,Normal value,0,Units,FALSE,FALSE,FALSE,FALSE
ITA,Italy,TEU,Twenty-foot equivalent units,RAIL,Rail,2022,2813472,A,Normal value,0,Units,FALSE,FALSE,FALSE,FALSE
ITA,Italy,TEU,Twenty-foot equivalent units,RAIL,Rail,2021,2529242,A,Normal value,0,Units,FALSE,FALSE,FALSE,FALSE
AZE,Azerbaijan,TEU,Twenty-foot equivalent units,MAR,Maritime,2019,35024,A,Normal value,0,Units,FALSE,FALSE,FALSE,FALSE
AZE,Azerbaijan,TEU,Twenty-foot equivalent units,MAR,Maritime,2022,52278,A,Normal value,0,Units,FALSE,FALSE,FALSE,FALSE
AZE,Azerbaijan,TEU,Twenty-foot equivalent units,MAR,Maritime,2021,45025,A,Normal value,0,Units,FALSE,FALSE,FALSE,FALSE
AZE,Azerbaijan,TEU,Twenty-foot equivalent units,RAIL,Rail,2019,38971,A,Normal value,0,Units,FALSE,FALSE,FALSE,FALSE
AZE,Azerbaijan,TEU,Twenty-foot equivalent units,RAIL,Rail,2022,64597,A,Normal value,0,Units,FALSE,FALSE,FALSE,FALSE
AZE,Azerbaijan,TEU,Twenty-foot equivalent units,RAIL,Rail,2021,51570,A,Normal value,0,Units,FALSE,FALSE,FALSE,FALSE
IRL,Ireland,TEU,Twenty-foot equivalent units,MAR,Maritime,2022,1154394,A,Normal value,0,Units,FALSE,FALSE,FALSE,FALSE
IRL,Ireland,TEU,Twenty-foot equivalent units,MAR,Maritime,2021,1175851,A,Normal value,0,Units,FALSE,FALSE,FALSE,FALSE
IRL,Ireland,TEU,Twenty-foot equivalent units,MAR,Maritime,2020,1058201,A,Normal value,0,Units,FALSE,FALSE,FALSE,FALSE
ARM,Armenia,TEU,Twenty-foot equivalent units,MAR,Maritime,2019,,M,Missing value; data cannot exist,0,Units,TRUE,FALSE,FALSE,FALSE
ARM,Armenia,TEU,Twenty-foot equivalent units,MAR,Maritime,2022,,M,Missing value; data cannot exist,0,Units,TRUE,FALSE,FALSE,FALSE
ARM,Armenia,TEU,Twenty-foot equivalent units,MAR,Maritime,2021,,M,Missing value; data cannot exist,0,Units,TRUE,FALSE,FALSE,FALSE
POL,Poland,TEU,Twenty-foot equivalent units,RAIL,Rail,2019,2049424,A,Normal value,0,Units,FALSE,FALSE,FALSE,FALSE
POL,Poland,TEU,Twenty-foot equivalent units,RAIL,Rail,2022,2407071,A,Normal value,0,Units,FALSE,FALSE,FALSE,FALSE
POL,Poland,TEU,Twenty-foot equivalent units,RAIL,Rail,2021,2572834,A,Normal value,0,Units,FALSE,FALSE,FALSE,FALSE
ITA,Italy,TEU,Twenty-foot equivalent units,MAR,Maritime,2021,10667079,A,Normal value,0,Units,FALSE,FALSE,FALSE,FALSE
ITA,Italy,TEU,Twenty-foot equivalent units,MAR,Maritime,2020,10938342,A,Normal value,0,Units,FALSE,FALSE,FALSE,FALSE
ITA,Italy,TEU,Twenty-foot equivalent units,MAR,Maritime,2019,10659573,A,Normal value,0,Units,FALSE,FALSE,FALSE,FALSE
CHL,Chile,TEU,Twenty-foot equivalent units,RAIL,Rail,2020,76030,P,Provisional value,0,Units,FALSE,TRUE,FALSE,FALSE
CHL,Chile,TEU,Twenty-foot equivalent units,RAIL,Rail,2022,111128,P,Provisional value,0,Units,FALSE,TRUE,FALSE,FALSE
FRA,France,TEU,Twenty-foot equivalent units,MAR,Maritime,2019,5831207,A,Normal value,0,Units,FALSE,FALSE,FALSE,FALSE
FRA,France,TEU,Twenty-foot equivalent units,MAR,Maritime,2022,6478871,A,Normal value,0,Units,FALSE,FALSE,FALSE,FALSE
FRA,France,TEU,Twenty-foot equivalent units,MAR,Maritime,2021,6240967,A,Normal value,0,Units,FALSE,FALSE,FALSE,FALSE
LVA,Latvia,TEU,Twenty-foot equivalent units,RAIL,Rail,2019,66738,A,Normal value,0,Units,FALSE,FALSE,FALSE,FALSE
BEL,Belgium,TEU,Twenty-foot equivalent units,MAR,Maritime,2020,12604197,A,Normal value,0,Units,FALSE,FALSE,FALSE,FALSE
HRV,Croatia,TEU,Twenty-foot equivalent units,MAR,Maritime,2021,361410,A,Normal value,0,Units,FALSE,FALSE,FALSE,FALSE
HRV,Croatia,TEU,Twenty-foot equivalent units,RAIL,Rail,2019,106817,A,Normal value,0,Units,FALSE,FALSE,FALSE,FALSE
HRV,Croatia,TEU,Twenty-foot equivalent units,RAIL,Rail,2022,181636,A,Normal value,0,Units,FALSE,FALSE,FALSE,FALSE
HRV,Croatia,TEU,Twenty-foot equivalent units,RAIL,Rail,2021,154394,A,Normal value,0,Units,FALSE,FALSE,FALSE,FALSE
NLD,Netherlands,TEU,Twenty-foot equivalent units,RAIL,Rail,2019,1601000,A,Normal value,0,Units,FALSE,FALSE,FALSE,FALSE
NLD,Netherlands,TEU,Twenty-foot equivalent units,RAIL,Rail,2022,1883000,A,Normal value,0,Units,FALSE,FALSE,FALSE,FALSE
NLD,Netherlands,TEU,Twenty-foot equivalent units,RAIL,Rail,2021,1815000,A,Normal value,0,Units,FALSE,FALSE,FALSE,FALSE
AUT,Austria,TEU,Twenty-foot equivalent units,RAIL,Rail,2019,1820814,A,Normal value,0,Units,FALSE,FALSE,FALSE,FALSE
AUT,Austria,TEU,Twenty-foot equivalent units,RAIL,Rail,2022,2092612,A,Normal value,0,Units,FALSE,FALSE,FALSE,FALSE
AUT,Austria,TEU,Twenty-foot equivalent units,RAIL,Rail,2021,1996304,A,Normal value,0,Units,FALSE,FALSE,FALSE,FALSE
LIE,Liechtenstein,TEU,Twenty-foot equivalent units,MAR,Maritime,2020,,M,Missing value; data cannot exist,0,Units,TRUE,FALSE,FALSE,FALSE
LIE,Liechtenstein,TEU,Twenty-foot equivalent units,MAR,Maritime,2019,,M,Missing value; data cannot exist,0,Units,TRUE,FALSE,FALSE,FALSE
LIE,Liechtenstein,TEU,Twenty-foot equivalent units,MAR,Maritime,2022,,M,Missing value; data cannot exist,0,Units,TRUE,FALSE,FALSE,FALSE
GEO,Georgia,TEU,Twenty-foot equivalent units,RAIL,Rail,2019,78943,A,Normal value,0,Units,FALSE,FALSE,FALSE,FALSE
GEO,Georgia,TEU,Twenty-foot equivalent units,RAIL,Rail,2022,88363,A,Normal value,0,Units,FALSE,FALSE,FALSE,FALSE
GEO,Georgia,TEU,Twenty-foot equivalent units,RAIL,Rail,2021,74196,A,Normal value,0,Units,FALSE,FALSE,FALSE,FALSE
TUR,Türkiye,TEU,Twenty-foot equivalent units,MAR,Maritime,2021,12591470,A,Normal value,0,Units,FALSE,FALSE,FALSE,FALSE
TUR,Türkiye,TEU,Twenty-foot equivalent units,MAR,Maritime,2020,11626650,A,Normal value,0,Units,FALSE,FALSE,FALSE,FALSE
TUR,Türkiye,TEU,Twenty-foot equivalent units,MAR,Maritime,2019,11591838,A,Normal value,0,Units,FALSE,FALSE,FALSE,FALSE
FIN,Finland,TEU,Twenty-foot equivalent units,MAR,Maritime,2019,1617879,A,Normal value,0,Units,FALSE,FALSE,FALSE,FALSE
FIN,Finland,TEU,Twenty-foot equivalent units,MAR,Maritime,2022,1445896,A,Normal value,0,Units,FALSE,FALSE,FALSE,FALSE
FIN,Finland,TEU,Twenty-foot equivalent units,MAR,Maritime,2021,1408634,A,Normal value,0,Units,FALSE,FALSE,FALSE,FALSE
USA,United States,TEU,Twenty-foot equivalent units,MAR,Maritime,2021,40478089,A,Normal value,0,Units,FALSE,FALSE,FALSE,FALSE
USA,United States,TEU,Twenty-foot equivalent units,MAR,Maritime,2020,37324754,A,Normal value,0,Units,FALSE,FALSE,FALSE,FALSE
USA,United States,TEU,Twenty-foot equivalent units,MAR,Maritime,2019,37600645,A,Normal value,0,Units,FALSE,FALSE,FALSE,FALSE
BLR,Belarus,TEU,Twenty-foot equivalent units,MAR,Maritime,2019,,M,Missing value; data cannot exist,0,Units,TRUE,FALSE,FALSE,FALSE
HUN,Hungary,TEU,Twenty-foot equivalent units,MAR,Maritime,2021,,M,Missing value; data cannot exist,0,Units,TRUE,FALSE,FALSE,FALSE
HUN,Hungary,TEU,Twenty-foot equivalent units,MAR,Maritime,2020,,M,Missing value; data cannot exist,0,Units,TRUE,FALSE,FALSE,FALSE
HUN,Hungary,TEU,Twenty-foot equivalent units,MAR,Maritime,2019,,M,Missing value; data cannot exist,0,Units,TRUE,FALSE,FALSE,FALSE
LUX,Luxembourg,TEU,Twenty-foot equivalent units,RAIL,Rail,2022,168779,A,Normal value,0,Units,FALSE,FALSE,FALSE,FALSE
LUX,Luxembourg,TEU,Twenty-foot equivalent units,RAIL,Rail,2020,82879,A,Normal value,0,Units,FALSE,FALSE,FALSE,FALSE
LUX,Luxembourg,TEU,Twenty-foot equivalent units,RAIL,Rail,2019,74283,A,Normal value,0,Units,FALSE,FALSE,FALSE,FALSE
DEU,Germany,TEU,Twenty-foot equivalent units,MAR,Maritime,2021,14780291,A,Normal value,0,Units,FALSE,FALSE,FALSE,FALSE
DEU,Germany,TEU,Twenty-foot equivalent units,MAR,Maritime,2020,13966930,A,Normal value,0,Units,FALSE,FALSE,FALSE,FALSE
DEU,Germany,TEU,Twenty-foot equivalent units,MAR,Maritime,2019,15001568,A,Normal value,0,Units,FALSE,FALSE,FALSE,FALSE
LTU,Lithuania,TEU,Twenty-foot equivalent units,RAIL,Rail,2019,144838,A,Normal value,0,Units,FALSE,FALSE,FALSE,FALSE
LTU,Lithuania,TEU,Twenty-foot equivalent units,RAIL,Rail,2022,161717,A,Normal value,0,Units,FALSE,FALSE,FALSE,FALSE
LTU,Lithuania,TEU,Twenty-foot equivalent units,RAIL,Rail,2021,255412,A,Normal value,0,Units,FALSE,FALSE,FALSE,FALSE
MDA,Moldova,TEU,Twenty-foot equivalent units,RAIL,Rail,2021,1058,A,Normal value,0,Units,FALSE,FALSE,FALSE,FALSE
MDA,Moldova,TEU,Twenty-foot equivalent units,RAIL,Rail,2020,922,A,Normal value,0,Units,FALSE,FALSE,FALSE,FALSE
MDA,Moldova,TEU,Twenty-foot equivalent units,RAIL,Rail,2019,665,A,Normal value,0,Units,FALSE,FALSE,FALSE,FALSE
KAZ,Kazakhstan,TEU,Twenty-foot equivalent units,RAIL,Rail,2019,664,A,Normal value,0,Units,FALSE,FALSE,FALSE,FALSE
BGR,Bulgaria,TEU,Twenty-foot equivalent units,RAIL,Rail,2019,39005,A,Normal value,0,Units,FALSE,FALSE,FALSE,FALSE
BGR,Bulgaria,TEU,Twenty-foot equivalent units,RAIL,Rail,2022,165398,A,Normal value,0,Units,FALSE,FALSE,FALSE,FALSE
BGR,Bulgaria,TEU,Twenty-foot equivalent units,RAIL,Rail,2021,145759,A,Normal value,0,Units,FALSE,FALSE,FALSE,FALSE
GBR,United Kingdom,TEU,Twenty-foot equivalent units,MAR,Maritime,2021,10367000,A,Normal value,0,Units,FALSE,FALSE,FALSE,FALSE
GBR,United Kingdom,TEU,Twenty-foot equivalent units,MAR,Maritime,2020,9730000,A,Normal value,0,Units,FALSE,FALSE,FALSE,FALSE
GBR,United Kingdom,TEU,Twenty-foot equivalent units,MAR,Maritime,2019,10468000,A,Normal value,0,Units,FALSE,FALSE,FALSE,FALSE
SVK,Slovak Republic,TEU,Twenty-foot equivalent units,RAIL,Rail,2019,692990,A,Normal value,0,Units,FALSE,FALSE,FALSE,FALSE
SVK,Slovak Republic,TEU,Twenty-foot equivalent units,RAIL,Rail,2022,697746,A,Normal value,0,Units,FALSE,FALSE,FALSE,FALSE
SVK,Slovak Republic,TEU,Twenty-foot equivalent units,RAIL,Rail,2021,630386,A,Normal value,0,Units,FALSE,FALSE,FALSE,FALSE
GRC,Greece,TEU,Twenty-foot equivalent units,MAR,Maritime,2021,5145617,A,Normal value,0,Units,FALSE,FALSE,FALSE,FALSE
GRC,Greece,TEU,Twenty-foot equivalent units,MAR,Maritime,2020,5612432,A,Normal value,0,Units,FALSE,FALSE,FALSE,FALSE
GRC,Greece,TEU,Twenty-foot equivalent units,MAR,Maritime,2019,6093956,A,Normal value,0,Units,FALSE,FALSE,FALSE,FALSE
ISL,Iceland,TEU,Twenty-foot equivalent units,RAIL,Rail,2019,,M,Missing value; data cannot exist,0,Units,TRUE,FALSE,FALSE,FALSE
ISL,Iceland,TEU,Twenty-foot equivalent units,RAIL,Rail,2022,,M,Missing value; data cannot exist,0,Units,TRUE,FALSE,FALSE,FALSE
ISL,Iceland,TEU,Twenty-foot equivalent units,RAIL,Rail,2021,,M,Missing value; data cannot exist,0,Units,TRUE,FALSE,FALSE,FALSE
POL,Poland,TEU,Twenty-foot equivalent units,MAR,Maritime,2019,2755138,A,Normal value,0,Units,FALSE,FALSE,FALSE,FALSE
POL,Poland,TEU,Twenty-foot equivalent units,MAR,Maritime,2022,2786881,A,Normal value,0,Units,FALSE,FALSE,FALSE,FALSE
POL,Poland,TEU,Twenty-foot equivalent units,MAR,Maritime,2021,2914295,A,Normal value,0,Units,FALSE,FALSE,FALSE,FALSE
SVN,Slovenia,TEU,Twenty-foot equivalent units,RAIL,Rail,2019,533919,A,Normal value,0,Units,FALSE,FALSE,FALSE,FALSE
SVN,Slovenia,TEU,Twenty-foot equivalent units,RAIL,Rail,2022,545812,A,Normal value,0,Units,FALSE,FALSE,FALSE,FALSE
SVN,Slovenia,TEU,Twenty-foot equivalent units,RAIL,Rail,2021,530225,A,Normal value,0,Units,FALSE,FALSE,FALSE,FALSE
EST,Estonia,TEU,Twenty-foot equivalent units,MAR,Maritime,2021,226967,A,Normal value,0,Units,FALSE,FALSE,FALSE,FALSE
SVN,Slovenia,TEU,Twenty-foot equivalent units,MAR,Maritime,2019,934055,A,Normal value,0,Units,FALSE,FALSE,FALSE,FALSE
SVN,Slovenia,TEU,Twenty-foot equivalent units,MAR,Maritime,2022,975698,A,Normal value,0,Units,FALSE,FALSE,FALSE,FALSE
SVN,Slovenia,TEU,Twenty-foot equivalent units,MAR,Maritime,2021,961343,A,Normal value,0,Units,FALSE,FALSE,FALSE,FALSE
HUN,Hungary,TEU,Twenty-foot equivalent units,RAIL,Rail,2022,726758,A,Normal value,0,Units,FALSE,FALSE,FALSE,FALSE
HUN,Hungary,TEU,Twenty-foot equivalent units,RAIL,Rail,2021,301738,A,Normal value,0,Units,FALSE,FALSE,FALSE,FALSE
MKD,North Macedonia,TEU,Twenty-foot equivalent units,MAR,Maritime,2020,,M,Missing value; data cannot exist,0,Units,TRUE,FALSE,FALSE,FALSE
MKD,North Macedonia,TEU,Twenty-foot equivalent units,MAR,Maritime,2019,,M,Missing value; data cannot exist,0,Units,TRUE,FALSE,FALSE,FALSE
MKD,North Macedonia,TEU,Twenty-foot equivalent units,MAR,Maritime,2022,,M,Missing value; data cannot exist,0,Units,TRUE,FALSE,FALSE,FALSE
PRT,Portugal,TEU,Twenty-foot equivalent units,RAIL,Rail,2021,402863,A,Normal value,0,Units,FALSE,FALSE,FALSE,FALSE
PRT,Portugal,TEU,Twenty-foot equivalent units,RAIL,Rail,2020,413496,A,Normal value,0,Units,FALSE,FALSE,FALSE,FALSE
PRT,Portugal,TEU,Twenty-foot equivalent units,RAIL,Rail,2019,435707,A,Normal value,0,Units,FALSE,FALSE,FALSE,FALSE
PRT,Portugal,TEU,Twenty-foot equivalent units,MAR,Maritime,2019,2913478,A,Normal value,0,Units,FALSE,FALSE,FALSE,FALSE
PRT,Portugal,TEU,Twenty-foot equivalent units,MAR,Maritime,2022,3232741,A,Normal value,0,Units,FALSE,FALSE,FALSE,FALSE
PRT,Portugal,TEU,Twenty-foot equivalent units,MAR,Maritime,2021,3313257,A,Normal value,0,Units,FALSE,FALSE,FALSE,FALSE
CZE,Czechia,TEU,Twenty-foot equivalent units,MAR,Maritime,2019,,M,Missing value; data cannot exist,0,Units,TRUE,FALSE,FALSE,FALSE
CZE,Czechia,TEU,Twenty-foot equivalent units,MAR,Maritime,2022,,M,Missing value; data cannot exist,0,Units,TRUE,FALSE,FALSE,FALSE
CZE,Czechia,TEU,Twenty-foot equivalent units,MAR,Maritime,2021,,M,Missing value; data cannot exist,0,Units,TRUE,FALSE,FALSE,FALSE
SVK,Slovak Republic,TEU,Twenty-foot equivalent units,MAR,Maritime,2019,,M,Missing value; data cannot exist,0,Units,TRUE,FALSE,FALSE,FALSE
SVK,Slovak Republic,TEU,Twenty-foot equivalent units,MAR,Maritime,2022,,M,Missing value; data cannot exist,0,Units,TRUE,FALSE,FALSE,FALSE
SVK,Slovak Republic,TEU,Twenty-foot equivalent units,MAR,Maritime,2021,,M,Missing value; data cannot exist,0,Units,TRUE,FALSE,FALSE,FALSE
JPN,Japan,TEU,Twenty-foot equivalent units,MAR,Maritime,2019,23372162,A,Normal value,0,Units,FALSE,FALSE,FALSE,FALSE
JPN,Japan,TEU,Twenty-foot equivalent units,MAR,Maritime,2021,22473134,A,Normal value,0,Units,FALSE,FALSE,FALSE,FALSE
EST,Estonia,TEU,Twenty-foot equivalent units,RAIL,Rail,2019,76755,A,Normal value,0,Units,FALSE,FALSE,FALSE,FALSE
EST,Estonia,TEU,Twenty-foot equivalent units,RAIL,Rail,2022,69825,A,Normal value,0,Units,FALSE,FALSE,FALSE,FALSE
EST,Estonia,TEU,Twenty-foot equivalent units,RAIL,Rail,2021,63316,A,Normal value,0,Units,FALSE,FALSE,FALSE,FALSE
GRC,Greece,TEU,Twenty-foot equivalent units,RAIL,Rail,2019,77780,A,Normal value,0,Units,FALSE,FALSE,FALSE,FALSE
GRC,Greece,TEU,Twenty-foot equivalent units,RAIL,Rail,2022,101756,A,Normal value,0,Units,FALSE,FALSE,FALSE,FALSE
GRC,Greece,TEU,Twenty-foot equivalent units,RAIL,Rail,2021,101870,A,Normal value,0,Units,FALSE,FALSE,FALSE,FALSE
CAN,Canada,TEU,Twenty-foot equivalent units,MAR,Maritime,2019,6970500,A,Normal value,0,Units,FALSE,FALSE,FALSE,FALSE
CAN,Canada,TEU,Twenty-foot equivalent units,MAR,Maritime,2020,6802500,A,Normal value,0,Units,FALSE,FALSE,FALSE,FALSE
CAN,Canada,TEU,Twenty-foot equivalent units,MAR,Maritime,2022,7067800,A,Normal value,0,Units,FALSE,FALSE,FALSE,FALSE
BGR,Bulgaria,TEU,Twenty-foot equivalent units,MAR,Maritime,2019,313090,A,Normal value,0,Units,FALSE,FALSE,FALSE,FALSE
BGR,Bulgaria,TEU,Twenty-foot equivalent units,MAR,Maritime,2022,300997,A,Normal value,0,Units,FALSE,FALSE,FALSE,FALSE
BGR,Bulgaria,TEU,Twenty-foot equivalent units,MAR,Maritime,2021,282798,A,Normal value,0,Units,FALSE,FALSE,FALSE,FALSE
NOR,Norway,TEU,Twenty-foot equivalent units,MAR,Maritime,2019,851583,A,Normal value,0,Units,FALSE,FALSE,FALSE,FALSE
NOR,Norway,TEU,Twenty-foot equivalent units,MAR,Maritime,2022,935175,A,Normal value,0,Units,FALSE,FALSE,FALSE,FALSE
NOR,Norway,TEU,Twenty-foot equivalent units,MAR,Maritime,2021,904504,A,Normal value,0,Units,FALSE,FALSE,FALSE,FALSE
NZL,New Zealand,TEU,Twenty-foot equivalent units,MAR,Maritime,2019,3224434,A,Normal value,0,Units,FALSE,FALSE,FALSE,FALSE
NZL,New Zealand,TEU,Twenty-foot equivalent units,MAR,Maritime,2022,3048044,A,Normal value,0,Units,FALSE,FALSE,FALSE,FALSE
NZL,New Zealand,TEU,Twenty-foot equivalent units,MAR,Maritime,2021,3073180,A,Normal value,0,Units,FALSE,FALSE,FALSE,FALSE
ALB,Albania,TEU,Twenty-foot equivalent units,MAR,Maritime,2019,145762,A,Normal value,0,Units,FALSE,FALSE,FALSE,FALSE
ALB,Albania,TEU,Twenty-foot equivalent units,MAR,Maritime,2022,132965,A,Normal value,0,Units,FALSE,FALSE,FALSE,FALSE
ALB,Albania,TEU,Twenty-foot equivalent units,MAR,Maritime,2021,144129,A,Normal value,0,Units,FALSE,FALSE,FALSE,FALSE
KAZ,Kazakhstan,TEU,Twenty-foot equivalent units,MAR,Maritime,2019,25000,A,Normal value,0,Units,FALSE,FALSE,FALSE,FALSE
CHL,Chile,TEU,Twenty-foot equivalent units,MAR,Maritime,2019,4611911,A,Normal value,0,Units,FALSE,FALSE,FALSE,FALSE
CHL,Chile,TEU,Twenty-foot equivalent units,MAR,Maritime,2022,4136950,A,Normal value,0,Units,FALSE,FALSE,FALSE,FALSE
CHL,Chile,TEU,Twenty-foot equivalent units,MAR,Maritime,2021,4239936,A,Normal value,0,Units,FALSE,FALSE,FALSE,FALSE
DEU,Germany,TEU,Twenty-foot equivalent units,RAIL,Rail,2019,7133194,A,Normal value,0,Units,FALSE,FALSE,FALSE,FALSE
DEU,Germany,TEU,Twenty-foot equivalent units,RAIL,Rail,2022,7747332,A,Normal value,0,Units,FALSE,FALSE,FALSE,FALSE
DEU,Germany,TEU,Twenty-foot equivalent units,RAIL,Rail,2021,7815751,A,Normal value,0,Units,FALSE,FALSE,FALSE,FALSE
FIN,Finland,TEU,Twenty-foot equivalent units,RAIL,Rail,2021,60919,A,Normal value,0,Units,FALSE,FALSE,FALSE,FALSE
FIN,Finland,TEU,Twenty-foot equivalent units,RAIL,Rail,2020,54004,A,Normal value,0,Units,FALSE,FALSE,FALSE,FALSE
FIN,Finland,TEU,Twenty-foot equivalent units,RAIL,Rail,2019,50332,A,Normal value,0,Units,FALSE,FALSE,FALSE,FALSE
BLR,Belarus,TEU,Twenty-foot equivalent units,RAIL,Rail,2019,732906,A,Normal value,0,Units,FALSE,FALSE,FALSE,FALSE
LTU,Lithuania,TEU,Twenty-foot equivalent units,MAR,Maritime,2021,667138,A,Normal value,0,Units,FALSE,FALSE,FALSE,FALSE
LTU,Lithuania,TEU,Twenty-foot equivalent units,MAR,Maritime,2020,639006,A,Normal value,0,Units,FALSE,FALSE,FALSE,FALSE
LTU,Lithuania,TEU,Twenty-foot equivalent units,MAR,Maritime,2019,705222,A,Normal value,0,Units,FALSE,FALSE,FALSE,FALSE
SWE,Sweden,TEU,Twenty-foot equivalent units,RAIL,Rail,2022,494213,A,Normal value,0,Units,FALSE,FALSE,FALSE,FALSE
SWE,Sweden,TEU,Twenty-foot equivalent units,RAIL,Rail,2021,472862,A,Normal value,0,Units,FALSE,FALSE,FALSE,FALSE
SWE,Sweden,TEU,Twenty-foot equivalent units,RAIL,Rail,2020,453236,A,Normal value,0,Units,FALSE,FALSE,FALSE,FALSE
TUR,Türkiye,TEU,Twenty-foot equivalent units,RAIL,Rail,2019,1081716,A,Normal value,0,Units,FALSE,FALSE,FALSE,FALSE
TUR,Türkiye,TEU,Twenty-foot equivalent units,RAIL,Rail,2022,1246084,A,Normal value,0,Units,FALSE,FALSE,FALSE,FALSE
TUR,Türkiye,TEU,Twenty-foot equivalent units,RAIL,Rail,2021,1235845,A,Normal value,0,Units,FALSE,FALSE,FALSE,FALSE
LIE,Liechtenstein,TEU,Twenty-foot equivalent units,RAIL,Rail,2021,,M,Missing value; data cannot exist,0,Units,TRUE,FALSE,FALSE,FALSE
LIE,Liechtenstein,TEU,Twenty-foot equivalent units,RAIL,Rail,2020,,M,Missing value; data cannot exist,0,Units,TRUE,FALSE,FALSE,FALSE
LIE,Liechtenstein,TEU,Twenty-foot equivalent units,RAIL,Rail,2019,,M,Missing value; data cannot exist,0,Units,TRUE,FALSE,FALSE,FALSE
SRB,Serbia,TEU,Twenty-foot equivalent units,MAR,Maritime,2022,,M,Missing value; data cannot exist,0,Units,TRUE,FALSE,FALSE,FALSE
SRB,Serbia,TEU,Twenty-foot equivalent units,MAR,Maritime,2021,,M,Missing value; data cannot exist,0,Units,TRUE,FALSE,FALSE,FALSE
SRB,Serbia,TEU,Twenty-foot equivalent units,MAR,Maritime,2020,,M,Missing value; data cannot exist,0,Units,TRUE,FALSE,FALSE,FALSE
MEX,Mexico,TEU,Twenty-foot equivalent units,MAR,Maritime,2019,7105878,A,Normal value,0,Units,FALSE,FALSE,FALSE,FALSE
MEX,Mexico,TEU,Twenty-foot equivalent units,MAR,Maritime,2022,8311798,A,Normal value,0,Units,FALSE,FALSE,FALSE,FALSE
MEX,Mexico,TEU,Twenty-foot equivalent units,MAR,Maritime,2021,7858742,A,Normal value,0,Units,FALSE,FALSE,FALSE,FALSE
NLD,Netherlands,TEU,Twenty-foot equivalent units,MAR,Maritime,2021,15419954,A,Normal value,0,Units,FALSE,FALSE,FALSE,FALSE
NLD,Netherlands,TEU,Twenty-foot equivalent units,MAR,Maritime,2020,14642535,A,Normal value,0,Units,FALSE,FALSE,FALSE,FALSE
NLD,Netherlands,TEU,Twenty-foot equivalent units,MAR,Maritime,2019,15574369,A,Normal value,0,Units,FALSE,FALSE,FALSE,FALSE
LUX,Luxembourg,TEU,Twenty-foot equivalent units,MAR,Maritime,2021,,M,Missing value; data cannot exist,0,Units,TRUE,FALSE,FALSE,FALSE
LUX,Luxembourg,TEU,Twenty-foot equivalent units,MAR,Maritime,2020,,M,Missing value; data cannot exist,0,Units,TRUE,FALSE,FALSE,FALSE
LUX,Luxembourg,TEU,Twenty-foot equivalent units,MAR,Maritime,2019,,M,Missing value; data cannot exist,0,Units,TRUE,FALSE,FALSE,FALSE
MDA,Moldova,TEU,Twenty-foot equivalent units,MAR,Maritime,2019,,M,Missing value; data cannot exist,0,Units,TRUE,FALSE,FALSE,FALSE
MDA,Moldova,TEU,Twenty-foot equivalent units,MAR,Maritime,2022,,M,Missing value; data cannot exist,0,Units,TRUE,FALSE,FALSE,FALSE
MDA,Moldova,TEU,Twenty-foot equivalent units,MAR,Maritime,2021,,M,Missing value; data cannot exist,0,Units,TRUE,FALSE,FALSE,FALSE
AUT,Austria,TEU,Twenty-foot equivalent units,MAR,Maritime,2021,,M,Missing value; data cannot exist,0,Units,TRUE,FALSE,FALSE,FALSE
AUT,Austria,TEU,Twenty-foot equivalent units,MAR,Maritime,2020,,M,Missing value; data cannot exist,0,Units,TRUE,FALSE,FALSE,FALSE
AUT,Austria,TEU,Twenty-foot equivalent units,MAR,Maritime,2019,,M,Missing value; data cannot exist,0,Units,TRUE,FALSE,FALSE,FALSE
ISR,Israel,TEU,Twenty-foot equivalent units,MAR,Maritime,2020,3049375,A,Normal value,0,Units,FALSE,FALSE,FALSE,FALSE
ESP,Spain,TEU,Twenty-foot equivalent units,MAR,Maritime,2020,16771172,A,Normal value,0,Units,FALSE,FALSE,FALSE,FALSE
BEL,Belgium,TEU,Twenty-foot equivalent units,MAR,Maritime,2019,12200000,A,Normal value,0,Units,FALSE,FALSE,FALSE,FALSE
HRV,Croatia,TEU,Twenty-foot equivalent units,MAR,Maritime,2022,420038,A,Normal value,0,Units,FALSE,FALSE,FALSE,FALSE
CAN,Canada,TEU,Twenty-foot equivalent units,RAIL,Rail,2020,3732383,A,Normal value,0,Units,FALSE,FALSE,FALSE,FALSE
GEO,Georgia,TEU,Twenty-foot equivalent units,MAR,Maritime,2020,490370,A,Normal value,0,Units,FALSE,FALSE,FALSE,FALSE
SWE,Sweden,TEU,Twenty-foot equivalent units,MAR,Maritime,2019,1237228,A,Normal value,0,Units,FALSE,FALSE,FALSE,FALSE
EST,Estonia,TEU,Twenty-foot equivalent units,MAR,Maritime,2020,215905,A,Normal value,0,Units,FALSE,FALSE,FALSE,FALSE
SVN,Slovenia,TEU,Twenty-foot equivalent units,MAR,Maritime,2020,918054,A,Normal value,0,Units,FALSE,FALSE,FALSE,FALSE
NOR,Norway,TEU,Twenty-foot equivalent units,RAIL,Rail,2020,296342,A,Normal value,0,Units,FALSE,FALSE,FALSE,FALSE
ITA,Italy,TEU,Twenty-foot equivalent units,RAIL,Rail,2020,2474900,A,Normal value,0,Units,FALSE,FALSE,FALSE,FALSE
AZE,Azerbaijan,TEU,Twenty-foot equivalent units,MAR,Maritime,2020,40345,A,Normal value,0,Units,FALSE,FALSE,FALSE,FALSE
AZE,Azerbaijan,TEU,Twenty-foot equivalent units,RAIL,Rail,2020,47984,A,Normal value,0,Units,FALSE,FALSE,FALSE,FALSE
IRL,Ireland,TEU,Twenty-foot equivalent units,MAR,Maritime,2019,1063488,A,Normal value,0,Units,FALSE,FALSE,FALSE,FALSE
ARM,Armenia,TEU,Twenty-foot equivalent units,MAR,Maritime,2020,,M,Missing value; data cannot exist,0,Units,TRUE,FALSE,FALSE,FALSE
POL,Poland,TEU,Twenty-foot equivalent units,RAIL,Rail,2020,2352472,A,Normal value,0,Units,FALSE,FALSE,FALSE,FALSE
ITA,Italy,TEU,Twenty-foot equivalent units,MAR,Maritime,2022,10130487,A,Normal value,0,Units,FALSE,FALSE,FALSE,FALSE
CHL,Chile,TEU,Twenty-foot equivalent units,RAIL,Rail,2021,120530,P,Provisional value,0,Units,FALSE,TRUE,FALSE,FALSE
FRA,France,TEU,Twenty-foot equivalent units,MAR,Maritime,2020,5254491,A,Normal value,0,Units,FALSE,FALSE,FALSE,FALSE
LVA,Latvia,TEU,Twenty-foot equivalent units,RAIL,Rail,2020,65345,A,Normal value,0,Units,FALSE,FALSE,FALSE,FALSE
ISR,Israel,TEU,Twenty-foot equivalent units,RAIL,Rail,2020,203063,A,Normal value,0,Units,FALSE,FALSE,FALSE,FALSE
CHE,Switzerland,TEU,Twenty-foot equivalent units,MAR,Maritime,2020,,M,Missing value; data cannot exist,0,Units,TRUE,FALSE,FALSE,FALSE
RUS,Russia,TEU,Twenty-foot equivalent units,MAR,Maritime,2020,4122782,A,Normal value,0,Units,FALSE,FALSE,FALSE,FALSE
HRV,Croatia,TEU,Twenty-foot equivalent units,RAIL,Rail,2020,162740,A,Normal value,0,Units,FALSE,FALSE,FALSE,FALSE
NLD,Netherlands,TEU,Twenty-foot equivalent units,RAIL,Rail,2020,1652643,A,Normal value,0,Units,FALSE,FALSE,FALSE,FALSE
AUT,Austria,TEU,Twenty-foot equivalent units,RAIL,Rail,2020,1699626,A,Normal value,0,Units,FALSE,FALSE,FALSE,FALSE
LIE,Liechtenstein,TEU,Twenty-foot equivalent units,MAR,Maritime,2021,,M,Missing value; data cannot exist,0,Units,TRUE,FALSE,FALSE,FALSE
GEO,Georgia,TEU,Twenty-foot equivalent units,RAIL,Rail,2020,82526,A,Normal value,0,Units,FALSE,FALSE,FALSE,FALSE
TUR,Türkiye,TEU,Twenty-foot equivalent units,MAR,Maritime,2022,12366382,A,Normal value,0,Units,FALSE,FALSE,FALSE,FALSE
FIN,Finland,TEU,Twenty-foot equivalent units,MAR,Maritime,2020,1494014,A,Normal value,0,Units,FALSE,FALSE,FALSE,FALSE
USA,United States,TEU,Twenty-foot equivalent units,MAR,Maritime,2022,40096869,A,Normal value,0,Units,FALSE,FALSE,FALSE,FALSE
BLR,Belarus,TEU,Twenty-foot equivalent units,MAR,Maritime,2020,,M,Missing value; data cannot exist,0,Units,TRUE,FALSE,FALSE,FALSE
HUN,Hungary,TEU,Twenty-foot equivalent units,MAR,Maritime,2022,,M,Missing value; data cannot exist,0,Units,TRUE,FALSE,FALSE,FALSE
LUX,Luxembourg,TEU,Twenty-foot equivalent units,RAIL,Rail,2021,176546,B,Time series break,0,Units,FALSE,FALSE,FALSE,TRUE
DEU,Germany,TEU,Twenty-foot equivalent units,MAR,Maritime,2022,13856306,A,Normal value,0,Units,FALSE,FALSE,FALSE,FALSE
LTU,Lithuania,TEU,Twenty-foot equivalent units,RAIL,Rail,2020,149779,A,Normal value,0,Units,FALSE,FALSE,FALSE,FALSE
MDA,Moldova,TEU,Twenty-foot equivalent units,RAIL,Rail,2022,96,A,Normal value,0,Units,FALSE,FALSE,FALSE,FALSE
KAZ,Kazakhstan,TEU,Twenty-foot equivalent units,RAIL,Rail,2020,876,A,Normal value,0,Units,FALSE,FALSE,FALSE,FALSE
BGR,Bulgaria,TEU,Twenty-foot equivalent units,RAIL,Rail,2020,104116,A,Normal value,0,Units,FALSE,FALSE,FALSE,FALSE
GBR,United Kingdom,TEU,Twenty-foot equivalent units,MAR,Maritime,2022,9676000,A,Normal value,0,Units,FALSE,FALSE,FALSE,FALSE
SVK,Slovak Republic,TEU,Twenty-foot equivalent units,RAIL,Rail,2020,106780,A,Normal value,0,Units,FALSE,FALSE,FALSE,FALSE
GRC,Greece,TEU,Twenty-foot equivalent units,MAR,Maritime,2022,4850624,A,Normal value,0,Units,FALSE,FALSE,FALSE,FALSE
ISL,Iceland,TEU,Twenty-foot equivalent units,RAIL,Rail,2020,,M,Missing value; data cannot exist,0,Units,TRUE,FALSE,FALSE,FALSE
POL,Poland,TEU,Twenty-foot equivalent units,MAR,Maritime,2020,2607318,A,Normal value,0,Units,FALSE,FALSE,FALSE,FALSE
ROU,Romania,TEU,Twenty-foot equivalent units,RAIL,Rail,2019,100777,A,Normal value,0,Units,FALSE,FALSE,FALSE,FALSE
SVN,Slovenia,TEU,Twenty-foot equivalent units,RAIL,Rail,2020,515472,A,Normal value,0,Units,FALSE,FALSE,FALSE,FALSE
CZE,Czechia,TEU,Twenty-foot equivalent units,RAIL,Rail,2020,1656659,A,Normal value,0,Units,FALSE,FALSE,FALSE,FALSE
LVA,Latvia,TEU,Twenty-foot equivalent units,RAIL,Rail,2022,93118,A,Normal value,0,Units,FALSE,FALSE,FALSE,FALSE
LVA,Latvia,TEU,Twenty-foot equivalent units,RAIL,Rail,2021,74519,A,Normal value,0,Units,FALSE,FALSE,FALSE,FALSE
ISR,Israel,TEU,Twenty-foot equivalent units,RAIL,Rail,2019,233146,A,Normal value,0,Units,FALSE,FALSE,FALSE,FALSE
ISR,Israel,TEU,Twenty-foot equivalent units,RAIL,Rail,2021,219695,A,Normal value,0,Units,FALSE,FALSE,FALSE,FALSE
CHE,Switzerland,TEU,Twenty-foot equivalent units,MAR,Maritime,2019,,M,Missing value; data cannot exist,0,Units,TRUE,FALSE,FALSE,FALSE
CHE,Switzerland,TEU,Twenty-foot equivalent units,MAR,Maritime,2022,,M,Missing value; data cannot exist,0,Units,TRUE,FALSE,FALSE,FALSE
CHE,Switzerland,TEU,Twenty-foot equivalent units,MAR,Maritime,2021,,M,Missing value; data cannot exist,0,Units,TRUE,FALSE,FALSE,FALSE
RUS,Russia,TEU,Twenty-foot equivalent units,MAR,Maritime,2019,4067749,A,Normal value,0,Units,FALSE,FALSE,FALSE,FALSE
SWE,Sweden,T,Tonnes,MAR,Maritime,2022,13998,A,Normal value,3,Thousands,FALSE,FALSE,FALSE,FALSE
SWE,Sweden,T,Tonnes,MAR,Maritime,2021,14191,A,Normal value,3,Thousands,FALSE,FALSE,FALSE,FALSE
CHE,Switzerland,T,Tonnes,MAR,Maritime,2021,,M,Missing value; data cannot exist,3,Thousands,TRUE,FALSE,FALSE,FALSE
CHE,Switzerland,T,Tonnes,MAR,Maritime,2020,,M,Missing value; data cannot exist,3,Thousands,TRUE,FALSE,FALSE,FALSE
CHE,Switzerland,T,Tonnes,MAR,Maritime,2019,,M,Missing value; data cannot exist,3,Thousands,TRUE,FALSE,FALSE,FALSE
LIE,Liechtenstein,T,Tonnes,MAR,Maritime,2019,,M,Missing value; data cannot exist,3,Thousands,TRUE,FALSE,FALSE,FALSE
LIE,Liechtenstein,T,Tonnes,MAR,Maritime,2022,,M,Missing value; data cannot exist,3,Thousands,TRUE,FALSE,FALSE,FALSE
LIE,Liechtenstein,T,Tonnes,MAR,Maritime,2021,,M,Missing value; data cannot exist,3,Thousands,TRUE,FALSE,FALSE,FALSE
PRT,Portugal,T,Tonnes,MAR,Maritime,2019,26552,A,Normal value,3,Thousands,FALSE,FALSE,FALSE,FALSE
PRT,Portugal,T,Tonnes,MAR,Maritime,2020,27953,A,Normal value,3,Thousands,FALSE,FALSE,FALSE,FALSE
PRT,Portugal,T,Tonnes,MAR,Maritime,2022,29112,A,Normal value,3,Thousands,FALSE,FALSE,FALSE,FALSE
JPN,Japan,T,Tonnes,RAIL,Rail,2019,23506,A,Normal value,3,Thousands,FALSE,FALSE,FALSE,FALSE
JPN,Japan,T,Tonnes,RAIL,Rail,2021,20819,A,Normal value,3,Thousands,FALSE,FALSE,FALSE,FALSE
RUS,Russia,T,Tonnes,MAR,Maritime,2019,56503,A,Normal value,3,Thousands,FALSE,FALSE,FALSE,FALSE
ARM,Armenia,T,Tonnes,MAR,Maritime,2021,,M,Missing value; data cannot exist,3,Thousands,TRUE,FALSE,FALSE,FALSE
ARM,Armenia,T,Tonnes,MAR,Maritime,2020,,M,Missing value; data cannot exist,3,Thousands,TRUE,FALSE,FALSE,FALSE
ARM,Armenia,T,Tonnes,MAR,Maritime,2019,,M,Missing value; data cannot exist,3,Thousands,TRUE,FALSE,FALSE,FALSE
ITA,Italy,T,Tonnes,RAIL,Rail,2019,45493,A,Normal value,3,Thousands,FALSE,FALSE,FALSE,FALSE
ITA,Italy,T,Tonnes,RAIL,Rail,2022,47782,A,Normal value,3,Thousands,FALSE,FALSE,FALSE,FALSE
ITA,Italy,T,Tonnes,RAIL,Rail,2021,46373,A,Normal value,3,Thousands,FALSE,FALSE,FALSE,FALSE
SVN,Slovenia,T,Tonnes,MAR,Maritime,2021,9034,A,Normal value,3,Thousands,FALSE,FALSE,FALSE,FALSE
SVN,Slovenia,T,Tonnes,MAR,Maritime,2020,8120,A,Normal value,3,Thousands,FALSE,FALSE,FALSE,FALSE
SVN,Slovenia,T,Tonnes,MAR,Maritime,2019,8971,A,Normal value,3,Thousands,FALSE,FALSE,FALSE,FALSE
AZE,Azerbaijan,T,Tonnes,MAR,Maritime,2021,631,A,Normal value,3,Thousands,FALSE,FALSE,FALSE,FALSE
AZE,Azerbaijan,T,Tonnes,MAR,Maritime,2020,512,A,Normal value,3,Thousands,FALSE,FALSE,FALSE,FALSE
AZE,Azerbaijan,T,Tonnes,MAR,Maritime,2019,435,A,Normal value,3,Thousands,FALSE,FALSE,FALSE,FALSE
ISR,Israel,T,Tonnes,RAIL,Rail,2019,2547,A,Normal value,3,Thousands,FALSE,FALSE,FALSE,FALSE
ISR,Israel,T,Tonnes,RAIL,Rail,2021,2176,A,Normal value,3,Thousands,FALSE,FALSE,FALSE,FALSE
CZE,Czechia,T,Tonnes,MAR,Maritime,2019,,M,Missing value; data cannot exist,3,Thousands,TRUE,FALSE,FALSE,FALSE
CZE,Czechia,T,Tonnes,MAR,Maritime,2020,,M,Missing value; data cannot exist,3,Thousands,TRUE,FALSE,FALSE,FALSE
CZE,Czechia,T,Tonnes,MAR,Maritime,2022,,M,Missing value; data cannot exist,3,Thousands,TRUE,FALSE,FALSE,FALSE
SVK,Slovak Republic,T,Tonnes,MAR,Maritime,2021,,M,Missing value; data cannot exist,3,Thousands,TRUE,FALSE,FALSE,FALSE
SVK,Slovak Republic,T,Tonnes,MAR,Maritime,2020,,M,Missing value; data cannot exist,3,Thousands,TRUE,FALSE,FALSE,FALSE
SVK,Slovak Republic,T,Tonnes,MAR,Maritime,2019,,M,Missing value; data cannot exist,3,Thousands,TRUE,FALSE,FALSE,FALSE
CAN,Canada,T,Tonnes,RAIL,Rail,2019,37138,A,Normal value,3,Thousands,FALSE,FALSE,FALSE,FALSE
CAN,Canada,T,Tonnes,RAIL,Rail,2022,36809,A,Normal value,3,Thousands,FALSE,FALSE,FALSE,FALSE
CAN,Canada,T,Tonnes,RAIL,Rail,2021,37043,A,Normal value,3,Thousands,FALSE,FALSE,FALSE,FALSE
ESP,Spain,T,Tonnes,MAR,Maritime,2021,198283,A,Normal value,3,Thousands,FALSE,FALSE,FALSE,FALSE
ESP,Spain,T,Tonnes,MAR,Maritime,2022,187568,P,Provisional value,3,Thousands,FALSE,TRUE,FALSE,FALSE
ESP,Spain,T,Tonnes,MAR,Maritime,2020,193783,A,Normal value,3,Thousands,FALSE,FALSE,FALSE,FALSE
HUN,Hungary,T,Tonnes,RAIL,Rail,2022,7214,A,Normal value,3,Thousands,FALSE,FALSE,FALSE,FALSE
HUN,Hungary,T,Tonnes,RAIL,Rail,2021,4655,A,Normal value,3,Thousands,FALSE,FALSE,FALSE,FALSE
HUN,Hungary,T,Tonnes,RAIL,Rail,2020,4302,A,Normal value,3,Thousands,FALSE,FALSE,FALSE,FALSE
CHL,Chile,T,Tonnes,MAR,Maritime,2019,41590,A,Normal value,3,Thousands,FALSE,FALSE,FALSE,FALSE
CHL,Chile,T,Tonnes,MAR,Maritime,2022,39392,A,Normal value,3,Thousands,FALSE,FALSE,FALSE,FALSE
CHL,Chile,T,Tonnes,MAR,Maritime,2021,40483,A,Normal value,3,Thousands,FALSE,FALSE,FALSE,FALSE
POL,Poland,T,Tonnes,MAR,Maritime,2019,23085,A,Normal value,3,Thousands,FALSE,FALSE,FALSE,FALSE
POL,Poland,T,Tonnes,MAR,Maritime,2022,22756,A,Normal value,3,Thousands,FALSE,FALSE,FALSE,FALSE
POL,Poland,T,Tonnes,MAR,Maritime,2021,23115,A,Normal value,3,Thousands,FALSE,FALSE,FALSE,FALSE
ISL,Iceland,T,Tonnes,RAIL,Rail,2021,,M,Missing value; data cannot exist,3,Thousands,TRUE,FALSE,FALSE,FALSE
ISL,Iceland,T,Tonnes,RAIL,Rail,2020,,M,Missing value; data cannot exist,3,Thousands,TRUE,FALSE,FALSE,FALSE
ISL,Iceland,T,Tonnes,RAIL,Rail,2019,,M,Missing value; data cannot exist,3,Thousands,TRUE,FALSE,FALSE,FALSE
LVA,Latvia,T,Tonnes,RAIL,Rail,2019,848,A,Normal value,3,Thousands,FALSE,FALSE,FALSE,FALSE
LVA,Latvia,T,Tonnes,RAIL,Rail,2022,1283,A,Normal value,3,Thousands,FALSE,FALSE,FALSE,FALSE
LVA,Latvia,T,Tonnes,RAIL,Rail,2021,999,A,Normal value,3,Thousands,FALSE,FALSE,FALSE,FALSE
LUX,Luxembourg,T,Tonnes,RAIL,Rail,2019,1565059,A,Normal value,3,Thousands,FALSE,FALSE,FALSE,FALSE
LUX,Luxembourg,T,Tonnes,RAIL,Rail,2022,1854917,A,Normal value,3,Thousands,FALSE,FALSE,FALSE,FALSE
LUX,Luxembourg,T,Tonnes,RAIL,Rail,2021,1974278,A,Normal value,3,Thousands,FALSE,FALSE,FALSE,FALSE
NOR,Norway,T,Tonnes,MAR,Maritime,2021,6640,A,Normal value,3,Thousands,FALSE,FALSE,FALSE,FALSE
NOR,Norway,T,Tonnes,MAR,Maritime,2020,7128,A,Normal value,3,Thousands,FALSE,FALSE,FALSE,FALSE
NOR,Norway,T,Tonnes,MAR,Maritime,2019,6411,A,Normal value,3,Thousands,FALSE,FALSE,FALSE,FALSE
GRC,Greece,T,Tonnes,RAIL,Rail,2021,836,A,Normal value,3,Thousands,FALSE,FALSE,FALSE,FALSE
GRC,Greece,T,Tonnes,RAIL,Rail,2020,736,A,Normal value,3,Thousands,FALSE,FALSE,FALSE,FALSE
GRC,Greece,T,Tonnes,RAIL,Rail,2019,691,A,Normal value,3,Thousands,FALSE,FALSE,FALSE,FALSE
RUS,Russia,T,Tonnes,RAIL,Rail,2020,56946,A,Normal value,3,Thousands,FALSE,FALSE,FALSE,FALSE
DEU,Germany,T,Tonnes,MAR,Maritime,2019,125257,A,Normal value,3,Thousands,FALSE,FALSE,FALSE,FALSE
DEU,Germany,T,Tonnes,MAR,Maritime,2022,111039,A,Normal value,3,Thousands,FALSE,FALSE,FALSE,FALSE
DEU,Germany,T,Tonnes,MAR,Maritime,2021,120758,A,Normal value,3,Thousands,FALSE,FALSE,FALSE,FALSE
GBR,United Kingdom,T,Tonnes,MAR,Maritime,2019,66765,A,Normal value,3,Thousands,FALSE,FALSE,FALSE,FALSE
GBR,United Kingdom,T,Tonnes,MAR,Maritime,2022,61778,A,Normal value,3,Thousands,FALSE,FALSE,FALSE,FALSE
GBR,United Kingdom,T,Tonnes,MAR,Maritime,2021,63383,A,Normal value,3,Thousands,FALSE,FALSE,FALSE,FALSE
TUR,Türkiye,T,Tonnes,MAR,Maritime,2019,118768,A,Normal value,3,Thousands,FALSE,FALSE,FALSE,FALSE
TUR,Türkiye,T,Tonnes,MAR,Maritime,2022,130245,A,Normal value,3,Thousands,FALSE,FALSE,FALSE,FALSE
TUR,Türkiye,T,Tonnes,MAR,Maritime,2021,131860,A,Normal value,3,Thousands,FALSE,FALSE,FALSE,FALSE
SVK,Slovak Republic,T,Tonnes,RAIL,Rail,2022,5399,A,Normal value,3,Thousands,FALSE,FALSE,FALSE,FALSE
SVK,Slovak Republic,T,Tonnes,RAIL,Rail,2021,5318,A,Normal value,3,Thousands,FALSE,FALSE,FALSE,FALSE
KOR,Korea,T,Tonnes,MAR,Maritime,2019,575074,A,Normal value,3,Thousands,FALSE,FALSE,FALSE,FALSE
KOR,Korea,T,Tonnes,MAR,Maritime,2022,503354,A,Normal value,3,Thousands,FALSE,FALSE,FALSE,FALSE
KOR,Korea,T,Tonnes,MAR,Maritime,2021,531709,A,Normal value,3,Thousands,FALSE,FALSE,FALSE,FALSE
LTU,Lithuania,T,Tonnes,RAIL,Rail,2019,1411,A,Normal value,3,Thousands,FALSE,FALSE,FALSE,FALSE
LTU,Lithuania,T,Tonnes,RAIL,Rail,2022,1533,A,Normal value,3,Thousands,FALSE,FALSE,FALSE,FALSE
LTU,Lithuania,T,Tonnes,RAIL,Rail,2021,1874,A,Normal value,3,Thousands,FALSE,FALSE,FALSE,FALSE
LIE,Liechtenstein,T,Tonnes,RAIL,Rail,2019,,M,Missing value; data cannot exist,3,Thousands,TRUE,FALSE,FALSE,FALSE
LIE,Liechtenstein,T,Tonnes,RAIL,Rail,2022,,M,Missing value; data cannot exist,3,Thousands,TRUE,FALSE,FALSE,FALSE
LIE,Liechtenstein,T,Tonnes,RAIL,Rail,2021,,M,Missing value; data cannot exist,3,Thousands,TRUE,FALSE,FALSE,FALSE
ALB,Albania,T,Tonnes,RAIL,Rail,2019,,M,Missing value; data cannot exist,3,Thousands,TRUE,FALSE,FALSE,FALSE
ALB,Albania,T,Tonnes,RAIL,Rail,2022,,M,Missing value; data cannot exist,3,Thousands,TRUE,FALSE,FALSE,FALSE
ALB,Albania,T,Tonnes,RAIL,Rail,2021,,M,Missing value; data cannot exist,3,Thousands,TRUE,FALSE,FALSE,FALSE
MDA,Moldova,T,Tonnes,MAR,Maritime,2019,,M,Missing value; data cannot exist,3,Thousands,TRUE,FALSE,FALSE,FALSE
MDA,Moldova,T,Tonnes,MAR,Maritime,2022,,M,Missing value; data cannot exist,3,Thousands,TRUE,FALSE,FALSE,FALSE
MDA,Moldova,T,Tonnes,MAR,Maritime,2021,,M,Missing value; data cannot exist,3,Thousands,TRUE,FALSE,FALSE,FALSE
BGR,Bulgaria,T,Tonnes,RAIL,Rail,2019,539,A,Normal value,3,Thousands,FALSE,FALSE,FALSE,FALSE
BGR,Bulgaria,T,Tonnes,RAIL,Rail,2022,2984,A,Normal value,3,Thousands,FALSE,FALSE,FALSE,FALSE
BGR,Bulgaria,T,Tonnes,RAIL,Rail,2021,1966,A,Normal value,3,Thousands,FALSE,FALSE,FALSE,FALSE
CZE,Czechia,T,Tonnes,RAIL,Rail,2022,14851,A,Normal value,3,Thousands,FALSE,FALSE,FALSE,FALSE
CZE,Czechia,T,Tonnes,RAIL,Rail,2021,15547,A,Normal value,3,Thousands,FALSE,FALSE,FALSE,FALSE
CZE,Czechia,T,Tonnes,RAIL,Rail,2020,15139,A,Normal value,3,Thousands,FALSE,FALSE,FALSE,FALSE
SVK,Slovak Republic,T,Tonnes,RAIL,Rail,2019,5635,A,Normal value,3,Thousands,FALSE,FALSE,FALSE,FALSE
RUS,Russia,T,Tonnes,MAR,Maritime,2020,57665,A,Normal value,3,Thousands,FALSE,FALSE,FALSE,FALSE
IRL,Ireland,TEU,Twenty-foot equivalent units,RAIL,Rail,2020,10056,A,Normal value,0,Units,FALSE,FALSE,FALSE,FALSE
KOR,Korea,TEU,Twenty-foot equivalent units,MAR,Maritime,2022,28822371,A,Normal value,0,Units,FALSE,FALSE,FALSE,FALSE
HUN,Hungary,TEU,Twenty-foot equivalent units,RAIL,Rail,2020,293051,A,Normal value,0,Units,FALSE,FALSE,FALSE,FALSE
ROU,Romania,TEU,Twenty-foot equivalent units,MAR,Maritime,2019,664695,A,Normal value,0,Units,FALSE,FALSE,FALSE,FALSE
MKD,North Macedonia,TEU,Twenty-foot equivalent units,MAR,Maritime,2021,,M,Missing value; data cannot exist,0,Units,TRUE,FALSE,FALSE,FALSE
PRT,Portugal,TEU,Twenty-foot equivalent units,RAIL,Rail,2022,404588,A,Normal value,0,Units,FALSE,FALSE,FALSE,FALSE
PRT,Portugal,TEU,Twenty-foot equivalent units,MAR,Maritime,2020,2983698,A,Normal value,0,Units,FALSE,FALSE,FALSE,FALSE
CZE,Czechia,TEU,Twenty-foot equivalent units,MAR,Maritime,2020,,M,Missing value; data cannot exist,0,Units,TRUE,FALSE,FALSE,FALSE
MLT,Malta,TEU,Twenty-foot equivalent units,RAIL,Rail,2019,,M,Missing value; data cannot exist,0,Units,TRUE,FALSE,FALSE,FALSE
SVK,Slovak Republic,TEU,Twenty-foot equivalent units,MAR,Maritime,2020,,M,Missing value; data cannot exist,0,Units,TRUE,FALSE,FALSE,FALSE
JPN,Japan,TEU,Twenty-foot equivalent units,MAR,Maritime,2020,21668180,A,Normal value,0,Units,FALSE,FALSE,FALSE,FALSE
EST,Estonia,TEU,Twenty-foot equivalent units,RAIL,Rail,2020,44957,A,Normal value,0,Units,FALSE,FALSE,FALSE,FALSE
GRC,Greece,TEU,Twenty-foot equivalent units,RAIL,Rail,2020,81342,A,Normal value,0,Units,FALSE,FALSE,FALSE,FALSE
CAN,Canada,TEU,Twenty-foot equivalent units,MAR,Maritime,2021,7144600,A,Normal value,0,Units,FALSE,FALSE,FALSE,FALSE
BGR,Bulgaria,TEU,Twenty-foot equivalent units,MAR,Maritime,2020,306903,A,Normal value,0,Units,FALSE,FALSE,FALSE,FALSE
NOR,Norway,TEU,Twenty-foot equivalent units,MAR,Maritime,2020,924585,A,Normal value,0,Units,FALSE,FALSE,FALSE,FALSE
NZL,New Zealand,TEU,Twenty-foot equivalent units,MAR,Maritime,2020,3048640,A,Normal value,0,Units,FALSE,FALSE,FALSE,FALSE
ALB,Albania,TEU,Twenty-foot equivalent units,MAR,Maritime,2020,138477,A,Normal value,0,Units,FALSE,FALSE,FALSE,FALSE
KAZ,Kazakhstan,TEU,Twenty-foot equivalent units,MAR,Maritime,2020,22000,A,Normal value,0,Units,FALSE,FALSE,FALSE,FALSE
CHL,Chile,TEU,Twenty-foot equivalent units,MAR,Maritime,2020,4194374,A,Normal value,0,Units,FALSE,FALSE,FALSE,FALSE
DEU,Germany,TEU,Twenty-foot equivalent units,RAIL,Rail,2020,7086209,A,Normal value,0,Units,FALSE,FALSE,FALSE,FALSE
FIN,Finland,TEU,Twenty-foot equivalent units,RAIL,Rail,2022,35536,A,Normal value,0,Units,FALSE,FALSE,FALSE,FALSE
BLR,Belarus,TEU,Twenty-foot equivalent units,RAIL,Rail,2020,1002508,A,Normal value,0,Units,FALSE,FALSE,FALSE,FALSE
LTU,Lithuania,TEU,Twenty-foot equivalent units,MAR,Maritime,2022,1048082,A,Normal value,0,Units,FALSE,FALSE,FALSE,FALSE
SWE,Sweden,TEU,Twenty-foot equivalent units,RAIL,Rail,2019,418631,A,Normal value,0,Units,FALSE,FALSE,FALSE,FALSE
TUR,Türkiye,TEU,Twenty-foot equivalent units,RAIL,Rail,2020,1140991,A,Normal value,0,Units,FALSE,FALSE,FALSE,FALSE
LIE,Liechtenstein,TEU,Twenty-foot equivalent units,RAIL,Rail,2022,,M,Missing value; data cannot exist,0,Units,TRUE,FALSE,FALSE,FALSE
SRB,Serbia,TEU,Twenty-foot equivalent units,MAR,Maritime,2019,,M,Missing value; data cannot exist,0,Units,TRUE,FALSE,FALSE,FALSE
MEX,Mexico,TEU,Twenty-foot equivalent units,MAR,Maritime,2020,6463365,A,Normal value,0,Units,FALSE,FALSE,FALSE,FALSE
NLD,Netherlands,TEU,Twenty-foot equivalent units,MAR,Maritime,2022,14562102,A,Normal value,0,Units,FALSE,FALSE,FALSE,FALSE
LUX,Luxembourg,TEU,Twenty-foot equivalent units,MAR,Maritime,2022,,M,Missing value; data cannot exist,0,Units,TRUE,FALSE,FALSE,FALSE
MDA,Moldova,TEU,Twenty-foot equivalent units,MAR,Maritime,2020,,M,Missing value; data cannot exist,0,Units,TRUE,FALSE,FALSE,FALSE
AUT,Austria,TEU,Twenty-foot equivalent units,MAR,Maritime,2022,,M,Missing value; data cannot exist,0,Units,TRUE,FALSE,FALSE,FALSE
CZE,Czechia,TEU,Twenty-foot equivalent units,RAIL,Rail,2019,1791675,A,Normal value,0,Units,FALSE,FALSE,FALSE,FALSE
CZE,Czechia,TEU,Twenty-foot equivalent units,RAIL,Rail,2022,1669890,A,Normal value,0,Units,FALSE,FALSE,FALSE,FALSE
CZE,Czechia,TEU,Twenty-foot equivalent units,RAIL,Rail,2021,1691000,A,Normal value,0,Units,FALSE,FALSE,FALSE,FALSE
LVA,Latvia,TEU,Twenty-foot equivalent units,MAR,Maritime,2022,472220,A,Normal value,0,Units,FALSE,FALSE,FALSE,FALSE
LVA,Latvia,TEU,Twenty-foot equivalent units,MAR,Maritime,2021,428879,A,Normal value,0,Units,FALSE,FALSE,FALSE,FALSE
LVA,Latvia,TEU,Twenty-foot equivalent units,MAR,Maritime,2020,457979,A,Normal value,0,Units,FALSE,FALSE,FALSE,FALSE
ALB,Albania,TEU,Twenty-foot equivalent units,RAIL,Rail,2019,,M,Missing value; data cannot exist,0,Units,TRUE,FALSE,FALSE,FALSE
ALB,Albania,TEU,Twenty-foot equivalent units,RAIL,Rail,2022,,M,Missing value; data cannot exist,0,Units,TRUE,FALSE,FALSE,FALSE
ALB,Albania,TEU,Twenty-foot equivalent units,RAIL,Rail,2021,,M,Missing value; data cannot exist,0,Units,TRUE,FALSE,FALSE,FALSE
IRL,Ireland,TEU,Twenty-foot equivalent units,RAIL,Rail,2019,8532,A,Normal value,0,Units,FALSE,FALSE,FALSE,FALSE
IRL,Ireland,TEU,Twenty-foot equivalent units,RAIL,Rail,2022,9863,A,Normal value,0,Units,FALSE,FALSE,FALSE,FALSE
IRL,Ireland,TEU,Twenty-foot equivalent units,RAIL,Rail,2021,12378,A,Normal value,0,Units,FALSE,FALSE,FALSE,FALSE
KOR,Korea,TEU,Twenty-foot equivalent units,MAR,Maritime,2021,30038303,A,Normal value,0,Units,FALSE,FALSE,FALSE,FALSE
KOR,Korea,TEU,Twenty-foot equivalent units,MAR,Maritime,2020,29100531,A,Normal value,0,Units,FALSE,FALSE,FALSE,FALSE
KOR,Korea,TEU,Twenty-foot equivalent units,MAR,Maritime,2019,29225619,A,Normal value,0,Units,FALSE,FALSE,FALSE,FALSE
HUN,Hungary,TEU,Twenty-foot equivalent units,RAIL,Rail,2019,401290,A,Normal value,0,Units,FALSE,FALSE,FALSE,FALSE
NLD,Netherlands,T,Tonnes,RAIL,Rail,2022,20402,A,Normal value,3,Thousands,FALSE,FALSE,FALSE,FALSE
NLD,Netherlands,T,Tonnes,RAIL,Rail,2021,19463,A,Normal value,3,Thousands,FALSE,FALSE,FALSE,FALSE
BEL,Belgium,T,Tonnes,MAR,Maritime,2019,117726,A,Normal value,3,Thousands,FALSE,FALSE,FALSE,FALSE
BEL,Belgium,T,Tonnes,MAR,Maritime,2021,121303,A,Normal value,3,Thousands,FALSE,FALSE,FALSE,FALSE
BEL,Belgium,T,Tonnes,MAR,Maritime,2022,109138,A,Normal value,3,Thousands,FALSE,FALSE,FALSE,FALSE
GEO,Georgia,T,Tonnes,RAIL,Rail,2019,1276,A,Normal value,3,Thousands,FALSE,FALSE,FALSE,FALSE
GEO,Georgia,T,Tonnes,RAIL,Rail,2022,1503,A,Normal value,3,Thousands,FALSE,FALSE,FALSE,FALSE
GEO,Georgia,T,Tonnes,RAIL,Rail,2021,1202,A,Normal value,3,Thousands,FALSE,FALSE,FALSE,FALSE
LUX,Luxembourg,T,Tonnes,MAR,Maritime,2019,,M,Missing value; data cannot exist,3,Thousands,TRUE,FALSE,FALSE,FALSE
LUX,Luxembourg,T,Tonnes,MAR,Maritime,2022,,M,Missing value; data cannot exist,3,Thousands,TRUE,FALSE,FALSE,FALSE
LUX,Luxembourg,T,Tonnes,MAR,Maritime,2021,,M,Missing value; data cannot exist,3,Thousands,TRUE,FALSE,FALSE,FALSE
TUR,Türkiye,T,Tonnes,RAIL,Rail,2019,14911,A,Normal value,3,Thousands,FALSE,FALSE,FALSE,FALSE
TUR,Türkiye,T,Tonnes,RAIL,Rail,2022,17695,A,Normal value,3,Thousands,FALSE,FALSE,FALSE,FALSE
TUR,Türkiye,T,Tonnes,RAIL,Rail,2021,17882,A,Normal value,3,Thousands,FALSE,FALSE,FALSE,FALSE
FRA,France,T,Tonnes,RAIL,Rail,2022,21053,A,Normal value,3,Thousands,FALSE,FALSE,FALSE,FALSE
FRA,France,T,Tonnes,RAIL,Rail,2021,21077,A,Normal value,3,Thousands,FALSE,FALSE,FALSE,FALSE
FRA,France,T,Tonnes,RAIL,Rail,2020,17895,A,Normal value,3,Thousands,FALSE,FALSE,FALSE,FALSE
DEU,Germany,T,Tonnes,RAIL,Rail,2019,63686,A,Normal value,3,Thousands,FALSE,FALSE,FALSE,FALSE
DEU,Germany,T,Tonnes,RAIL,Rail,2022,73682,A,Normal value,3,Thousands,FALSE,FALSE,FALSE,FALSE
DEU,Germany,T,Tonnes,RAIL,Rail,2021,72068,A,Normal value,3,Thousands,FALSE,FALSE,FALSE,FALSE
CHE,Switzerland,T,Tonnes,RAIL,Rail,2020,16963,A,Normal value,3,Thousands,FALSE,FALSE,FALSE,FALSE
CHE,Switzerland,T,Tonnes,RAIL,Rail,2019,21002,A,Normal value,3,Thousands,FALSE,FALSE,FALSE,FALSE
CHE,Switzerland,T,Tonnes,RAIL,Rail,2022,20773,A,Normal value,3,Thousands,FALSE,FALSE,FALSE,FALSE
NLD,Netherlands,T,Tonnes,MAR,Maritime,2019,133561,A,Normal value,3,Thousands,FALSE,FALSE,FALSE,FALSE
NLD,Netherlands,T,Tonnes,MAR,Maritime,2022,123319,A,Normal value,3,Thousands,FALSE,FALSE,FALSE,FALSE
NLD,Netherlands,T,Tonnes,MAR,Maritime,2021,137904,A,Normal value,3,Thousands,FALSE,FALSE,FALSE,FALSE
BLR,Belarus,T,Tonnes,MAR,Maritime,2019,,M,Missing value; data cannot exist,3,Thousands,TRUE,FALSE,FALSE,FALSE
LTU,Lithuania,T,Tonnes,MAR,Maritime,2022,8183,A,Normal value,3,Thousands,FALSE,FALSE,FALSE,FALSE
LTU,Lithuania,T,Tonnes,MAR,Maritime,2021,6536,A,Normal value,3,Thousands,FALSE,FALSE,FALSE,FALSE
LTU,Lithuania,T,Tonnes,MAR,Maritime,2020,5958,A,Normal value,3,Thousands,FALSE,FALSE,FALSE,FALSE
ALB,Albania,T,Tonnes,MAR,Maritime,2022,1611,A,Normal value,3,Thousands,FALSE,FALSE,FALSE,FALSE
ALB,Albania,T,Tonnes,MAR,Maritime,2021,1753,A,Normal value,3,Thousands,FALSE,FALSE,FALSE,FALSE
ALB,Albania,T,Tonnes,MAR,Maritime,2020,1549,A,Normal value,3,Thousands,FALSE,FALSE,FALSE,FALSE
POL,Poland,T,Tonnes,RAIL,Rail,2021,23460,A,Normal value,3,Thousands,FALSE,FALSE,FALSE,FALSE
POL,Poland,T,Tonnes,RAIL,Rail,2020,21365,A,Normal value,3,Thousands,FALSE,FALSE,FALSE,FALSE
POL,Poland,T,Tonnes,RAIL,Rail,2019,18696,A,Normal value,3,Thousands,FALSE,FALSE,FALSE,FALSE
AUT,Austria,T,Tonnes,RAIL,Rail,2020,21296,A,Normal value,3,Thousands,FALSE,FALSE,FALSE,FALSE
AUT,Austria,T,Tonnes,RAIL,Rail,2019,22566,A,Normal value,3,Thousands,FALSE,FALSE,FALSE,FALSE
AUT,Austria,T,Tonnes,RAIL,Rail,2022,23577,A,Normal value,3,Thousands,FALSE,FALSE,FALSE,FALSE
MKD,North Macedonia,T,Tonnes,MAR,Maritime,2019,,M,Missing value; data cannot exist,3,Thousands,TRUE,FALSE,FALSE,FALSE
MKD,North Macedonia,T,Tonnes,MAR,Maritime,2022,,M,Missing value; data cannot exist,3,Thousands,TRUE,FALSE,FALSE,FALSE
MKD,North Macedonia,T,Tonnes,MAR,Maritime,2021,,M,Missing value; data cannot exist,3,Thousands,TRUE,FALSE,FALSE,FALSE
ESP,Spain,T,Tonnes,RAIL,Rail,2019,6510,A,Normal value,3,Thousands,FALSE,FALSE,FALSE,FALSE
ESP,Spain,T,Tonnes,RAIL,Rail,2022,6527,A,Normal value,3,Thousands,FALSE,FALSE,FALSE,FALSE
ESP,Spain,T,Tonnes,RAIL,Rail,2021,6897,A,Normal value,3,Thousands,FALSE,FALSE,FALSE,FALSE
ISL,Iceland,T,Tonnes,MAR,Maritime,2022,7754,A,Normal value,3,Thousands,FALSE,FALSE,FALSE,FALSE
ISL,Iceland,T,Tonnes,MAR,Maritime,2021,7751,A,Normal value,3,Thousands,FALSE,FALSE,FALSE,FALSE
ISL,Iceland,T,Tonnes,MAR,Maritime,2020,6970,A,Normal value,3,Thousands,FALSE,FALSE,FALSE,FALSE
GEO,Georgia,T,Tonnes,MAR,Maritime,2019,5499,A,Normal value,3,Thousands,FALSE,FALSE,FALSE,FALSE
GEO,Georgia,T,Tonnes,MAR,Maritime,2022,4348,A,Normal value,3,Thousands,FALSE,FALSE,FALSE,FALSE
GEO,Georgia,T,Tonnes,MAR,Maritime,2021,3723,A,Normal value,3,Thousands,FALSE,FALSE,FALSE,FALSE
EST,Estonia,T,Tonnes,RAIL,Rail,2019,636,A,Normal value,3,Thousands,FALSE,FALSE,FALSE,FALSE
EST,Estonia,T,Tonnes,RAIL,Rail,2022,561,A,Normal value,3,Thousands,FALSE,FALSE,FALSE,FALSE
EST,Estonia,T,Tonnes,RAIL,Rail,2021,544,A,Normal value,3,Thousands,FALSE,FALSE,FALSE,FALSE
SVN,Slovenia,T,Tonnes,RAIL,Rail,2019,4555,A,Normal value,3,Thousands,FALSE,FALSE,FALSE,FALSE
SVN,Slovenia,T,Tonnes,RAIL,Rail,2022,4015,A,Normal value,3,Thousands,FALSE,FALSE,FALSE,FALSE
SVN,Slovenia,T,Tonnes,RAIL,Rail,2021,4092,A,Normal value,3,Thousands,FALSE,FALSE,FALSE,FALSE
CHL,Chile,T,Tonnes,RAIL,Rail,2022,831,P,Provisional value,3,Thousands,FALSE,TRUE,FALSE,FALSE
CHL,Chile,T,Tonnes,RAIL,Rail,2021,977,P,Provisional value,3,Thousands,FALSE,TRUE,FALSE,FALSE
CHL,Chile,T,Tonnes,RAIL,Rail,2020,710,P,Provisional value,3,Thousands,FALSE,TRUE,FALSE,FALSE
NOR,Norway,T,Tonnes,RAIL,Rail,2022,2646,A,Normal value,3,Thousands,FALSE,FALSE,FALSE,FALSE
NOR,Norway,T,Tonnes,RAIL,Rail,2021,2572,A,Normal value,3,Thousands,FALSE,FALSE,FALSE,FALSE
NOR,Norway,T,Tonnes,RAIL,Rail,2020,2419,A,Normal value,3,Thousands,FALSE,FALSE,FALSE,FALSE
LVA,Latvia,T,Tonnes,MAR,Maritime,2019,4885,A,Normal value,3,Thousands,FALSE,FALSE,FALSE,FALSE
LVA,Latvia,T,Tonnes,MAR,Maritime,2022,4771,A,Normal value,3,Thousands,FALSE,FALSE,FALSE,FALSE
LVA,Latvia,T,Tonnes,MAR,Maritime,2021,4358,A,Normal value,3,Thousands,FALSE,FALSE,FALSE,FALSE
ISR,Israel,T,Tonnes,MAR,Maritime,2020,27273,A,Normal value,3,Thousands,FALSE,FALSE,FALSE,FALSE
ISR,Israel,T,Tonnes,MAR,Maritime,2019,26582,A,Normal value,3,Thousands,FALSE,FALSE,FALSE,FALSE
PRT,Portugal,T,Tonnes,RAIL,Rail,2019,5040,A,Normal value,3,Thousands,FALSE,FALSE,FALSE,FALSE
PRT,Portugal,T,Tonnes,RAIL,Rail,2022,4500,A,Normal value,3,Thousands,FALSE,FALSE,FALSE,FALSE
PRT,Portugal,T,Tonnes,RAIL,Rail,2021,4570,A,Normal value,3,Thousands,FALSE,FALSE,FALSE,FALSE
ITA,Italy,T,Tonnes,MAR,Maritime,2019,101870,A,Normal value,3,Thousands,FALSE,FALSE,FALSE,FALSE
ITA,Italy,T,Tonnes,MAR,Maritime,2022,81683,A,Normal value,3,Thousands,FALSE,FALSE,FALSE,FALSE
ITA,Italy,T,Tonnes,MAR,Maritime,2021,93354,A,Normal value,3,Thousands,FALSE,FALSE,FALSE,FALSE
JPN,Japan,T,Tonnes,MAR,Maritime,2021,282141,A,Normal value,3,Thousands,FALSE,FALSE,FALSE,FALSE
JPN,Japan,T,Tonnes,MAR,Maritime,2020,268789,A,Normal value,3,Thousands,FALSE,FALSE,FALSE,FALSE
BGR,Bulgaria,T,Tonnes,RAIL,Rail,2020,1852,A,Normal value,3,Thousands,FALSE,FALSE,FALSE,FALSE
CZE,Czechia,T,Tonnes,RAIL,Rail,2019,16055,A,Normal value,3,Thousands,FALSE,FALSE,FALSE,FALSE
SVK,Slovak Republic,T,Tonnes,RAIL,Rail,2020,589,A,Normal value,3,Thousands,FALSE,FALSE,FALSE,FALSE
KOR,Korea,T,Tonnes,MAR,Maritime,2020,499768,A,Normal value,3,Thousands,FALSE,FALSE,FALSE,FALSE
LTU,Lithuania,T,Tonnes,RAIL,Rail,2020,1287,A,Normal value,3,Thousands,FALSE,FALSE,FALSE,FALSE
LIE,Liechtenstein,T,Tonnes,RAIL,Rail,2020,,M,Missing value; data cannot exist,3,Thousands,TRUE,FALSE,FALSE,FALSE
ALB,Albania,T,Tonnes,RAIL,Rail,2020,,M,Missing value; data cannot exist,3,Thousands,TRUE,FALSE,FALSE,FALSE
MDA,Moldova,T,Tonnes,MAR,Maritime,2020,,M,Missing value; data cannot exist,3,Thousands,TRUE,FALSE,FALSE,FALSE
HUN,Hungary,T,Tonnes,RAIL,Rail,2019,4133,A,Normal value,3,Thousands,FALSE,FALSE,FALSE,FALSE
CHL,Chile,T,Tonnes,MAR,Maritime,2020,41081,A,Normal value,3,Thousands,FALSE,FALSE,FALSE,FALSE
POL,Poland,T,Tonnes,MAR,Maritime,2020,21656,A,Normal value,3,Thousands,FALSE,FALSE,FALSE,FALSE
ROU,Romania,T,Tonnes,RAIL,Rail,2019,1642,A,Normal value,3,Thousands,FALSE,FALSE,FALSE,FALSE
ISL,Iceland,T,Tonnes,RAIL,Rail,2022,,M,Missing value; data cannot exist,3,Thousands,TRUE,FALSE,FALSE,FALSE
LVA,Latvia,T,Tonnes,RAIL,Rail,2020,920,A,Normal value,3,Thousands,FALSE,FALSE,FALSE,FALSE
LUX,Luxembourg,T,Tonnes,RAIL,Rail,2020,1709185,A,Normal value,3,Thousands,FALSE,FALSE,FALSE,FALSE
NOR,Norway,T,Tonnes,MAR,Maritime,2022,6747,A,Normal value,3,Thousands,FALSE,FALSE,FALSE,FALSE
GRC,Greece,T,Tonnes,RAIL,Rail,2022,692,A,Normal value,3,Thousands,FALSE,FALSE,FALSE,FALSE
RUS,Russia,T,Tonnes,RAIL,Rail,2019,48027,A,Normal value,3,Thousands,FALSE,FALSE,FALSE,FALSE
DEU,Germany,T,Tonnes,MAR,Maritime,2020,117807,A,Normal value,3,Thousands,FALSE,FALSE,FALSE,FALSE
GBR,United Kingdom,T,Tonnes,MAR,Maritime,2020,62155,A,Normal value,3,Thousands,FALSE,FALSE,FALSE,FALSE
TUR,Türkiye,T,Tonnes,MAR,Maritime,2020,121711,A,Normal value,3,Thousands,FALSE,FALSE,FALSE,FALSE
MDA,Moldova,T,Tonnes,RAIL,Rail,2020,3,A,Normal value,3,Thousands,FALSE,FALSE,FALSE,FALSE
GRC,Greece,T,Tonnes,MAR,Maritime,2020,50545,A,Normal value,3,Thousands,FALSE,FALSE,FALSE,FALSE
HUN,Hungary,T,Tonnes,MAR,Maritime,2020,,M,Missing value; data cannot exist,3,Thousands,TRUE,FALSE,FALSE,FALSE
SRB,Serbia,T,Tonnes,MAR,Maritime,2021,,M,Missing value; data cannot exist,3,Thousands,TRUE,FALSE,FALSE,FALSE
BLR,Belarus,T,Tonnes,RAIL,Rail,2020,8480,A,Normal value,3,Thousands,FALSE,FALSE,FALSE,FALSE
HRV,Croatia,T,Tonnes,RAIL,Rail,2020,1862,A,Normal value,3,Thousands,FALSE,FALSE,FALSE,FALSE
IRL,Ireland,T,Tonnes,RAIL,Rail,2020,140,A,Normal value,3,Thousands,FALSE,FALSE,FALSE,FALSE
ROU,Romania,T,Tonnes,MAR,Maritime,2019,5250,A,Normal value,3,Thousands,FALSE,FALSE,FALSE,FALSE
FRA,France,T,Tonnes,MAR,Maritime,2020,47877,A,Normal value,3,Thousands,FALSE,FALSE,FALSE,FALSE
KOR,Korea,T,Tonnes,RAIL,Rail,2020,8841,A,Normal value,3,Thousands,FALSE,FALSE,FALSE,FALSE
BGR,Bulgaria,T,Tonnes,MAR,Maritime,2022,2591,A,Normal value,3,Thousands,FALSE,FALSE,FALSE,FALSE
FIN,Finland,T,Tonnes,MAR,Maritime,2021,11412,A,Normal value,3,Thousands,FALSE,FALSE,FALSE,FALSE
SWE,Sweden,T,Tonnes,MAR,Maritime,2020,13536,A,Normal value,3,Thousands,FALSE,FALSE,FALSE,FALSE
CHE,Switzerland,T,Tonnes,MAR,Maritime,2022,,M,Missing value; data cannot exist,3,Thousands,TRUE,FALSE,FALSE,FALSE
LIE,Liechtenstein,T,Tonnes,MAR,Maritime,2020,,M,Missing value; data cannot exist,3,Thousands,TRUE,FALSE,FALSE,FALSE
PRT,Portugal,T,Tonnes,MAR,Maritime,2021,30523,A,Normal value,3,Thousands,FALSE,FALSE,FALSE,FALSE
JPN,Japan,T,Tonnes,RAIL,Rail,2020,21273,A,Normal value,3,Thousands,FALSE,FALSE,FALSE,FALSE
MDA,Moldova,T,Tonnes,RAIL,Rail,2019,3,A,Normal value,3,Thousands,FALSE,FALSE,FALSE,FALSE
MDA,Moldova,T,Tonnes,RAIL,Rail,2022,0,A,Normal value,3,Thousands,FALSE,FALSE,FALSE,FALSE
MDA,Moldova,T,Tonnes,RAIL,Rail,2021,3,A,Normal value,3,Thousands,FALSE,FALSE,FALSE,FALSE
GRC,Greece,T,Tonnes,MAR,Maritime,2019,54246,A,Normal value,3,Thousands,FALSE,FALSE,FALSE,FALSE
GRC,Greece,T,Tonnes,MAR,Maritime,2022,40288,A,Normal value,3,Thousands,FALSE,FALSE,FALSE,FALSE
GRC,Greece,T,Tonnes,MAR,Maritime,2021,44696,A,Normal value,3,Thousands,FALSE,FALSE,FALSE,FALSE
HUN,Hungary,T,Tonnes,MAR,Maritime,2019,,M,Missing value; data cannot exist,3,Thousands,TRUE,FALSE,FALSE,FALSE
HUN,Hungary,T,Tonnes,MAR,Maritime,2022,,M,Missing value; data cannot exist,3,Thousands,TRUE,FALSE,FALSE,FALSE
HUN,Hungary,T,Tonnes,MAR,Maritime,2021,,M,Missing value; data cannot exist,3,Thousands,TRUE,FALSE,FALSE,FALSE
SRB,Serbia,T,Tonnes,MAR,Maritime,2020,,M,Missing value; data cannot exist,3,Thousands,TRUE,FALSE,FALSE,FALSE
SRB,Serbia,T,Tonnes,MAR,Maritime,2019,,M,Missing value; data cannot exist,3,Thousands,TRUE,FALSE,FALSE,FALSE
SRB,Serbia,T,Tonnes,MAR,Maritime,2022,,M,Missing value; data cannot exist,3,Thousands,TRUE,FALSE,FALSE,FALSE
BLR,Belarus,T,Tonnes,RAIL,Rail,2019,6178,A,Normal value,3,Thousands,FALSE,FALSE,FALSE,FALSE
HRV,Croatia,T,Tonnes,RAIL,Rail,2019,1310,A,Normal value,3,Thousands,FALSE,FALSE,FALSE,FALSE
HRV,Croatia,T,Tonnes,RAIL,Rail,2022,2298,A,Normal value,3,Thousands,FALSE,FALSE,FALSE,FALSE
HRV,Croatia,T,Tonnes,RAIL,Rail,2021,1950,A,Normal value,3,Thousands,FALSE,FALSE,FALSE,FALSE
IRL,Ireland,T,Tonnes,RAIL,Rail,2019,158,A,Normal value,3,Thousands,FALSE,FALSE,FALSE,FALSE
IRL,Ireland,T,Tonnes,RAIL,Rail,2022,161,A,Normal value,3,Thousands,FALSE,FALSE,FALSE,FALSE
IRL,Ireland,T,Tonnes,RAIL,Rail,2021,114,A,Normal value,3,Thousands,FALSE,FALSE,FALSE,FALSE
FRA,France,T,Tonnes,MAR,Maritime,2019,55203,A,Normal value,3,Thousands,FALSE,FALSE,FALSE,FALSE
FRA,France,T,Tonnes,MAR,Maritime,2022,58389,A,Normal value,3,Thousands,FALSE,FALSE,FALSE,FALSE
FRA,France,T,Tonnes,MAR,Maritime,2021,59218,A,Normal value,3,Thousands,FALSE,FALSE,FALSE,FALSE
KOR,Korea,T,Tonnes,RAIL,Rail,2019,9473,A,Normal value,3,Thousands,FALSE,FALSE,FALSE,FALSE
KOR,Korea,T,Tonnes,RAIL,Rail,2022,8429,A,Normal value,3,Thousands,FALSE,FALSE,FALSE,FALSE
KOR,Korea,T,Tonnes,RAIL,Rail,2021,9373,A,Normal value,3,Thousands,FALSE,FALSE,FALSE,FALSE
BGR,Bulgaria,T,Tonnes,MAR,Maritime,2021,2629,A,Normal value,3,Thousands,FALSE,FALSE,FALSE,FALSE
BGR,Bulgaria,T,Tonnes,MAR,Maritime,2020,2617,A,Normal value,3,Thousands,FALSE,FALSE,FALSE,FALSE
BGR,Bulgaria,T,Tonnes,MAR,Maritime,2019,2787,A,Normal value,3,Thousands,FALSE,FALSE,FALSE,FALSE
FIN,Finland,T,Tonnes,MAR,Maritime,2019,13002,A,Normal value,3,Thousands,FALSE,FALSE,FALSE,FALSE
FIN,Finland,T,Tonnes,MAR,Maritime,2020,11876,A,Normal value,3,Thousands,FALSE,FALSE,FALSE,FALSE
FIN,Finland,T,Tonnes,MAR,Maritime,2022,11160,A,Normal value,3,Thousands,FALSE,FALSE,FALSE,FALSE
SWE,Sweden,T,Tonnes,MAR,Maritime,2019,13933,A,Normal value,3,Thousands,FALSE,FALSE,FALSE,FALSE
MLT,Malta,T,Tonnes,RAIL,Rail,2019,,M,Missing value; data cannot exist,3,Thousands,TRUE,FALSE,FALSE,FALSE
ALB,Albania,TEU,Twenty-foot equivalent units,RAIL,Rail,2020,,M,Missing value; data cannot exist,0,Units,TRUE,FALSE,FALSE,FALSE
ARM,Armenia,T,Tonnes,MAR,Maritime,2022,,M,Missing value; data cannot exist,3,Thousands,TRUE,FALSE,FALSE,FALSE
ITA,Italy,T,Tonnes,RAIL,Rail,2020,41046,A,Normal value,3,Thousands,FALSE,FALSE,FALSE,FALSE
SVN,Slovenia,T,Tonnes,MAR,Maritime,2022,9027,A,Normal value,3,Thousands,FALSE,FALSE,FALSE,FALSE
AZE,Azerbaijan,T,Tonnes,MAR,Maritime,2022,799,A,Normal value,3,Thousands,FALSE,FALSE,FALSE,FALSE
ISR,Israel,T,Tonnes,RAIL,Rail,2020,2134,A,Normal value,3,Thousands,FALSE,FALSE,FALSE,FALSE
CZE,Czechia,T,Tonnes,MAR,Maritime,2021,,M,Missing value; data cannot exist,3,Thousands,TRUE,FALSE,FALSE,FALSE
SVK,Slovak Republic,T,Tonnes,MAR,Maritime,2022,,M,Missing value; data cannot exist,3,Thousands,TRUE,FALSE,FALSE,FALSE
CAN,Canada,T,Tonnes,RAIL,Rail,2020,33171,A,Normal value,3,Thousands,FALSE,FALSE,FALSE,FALSE
ESP,Spain,T,Tonnes,MAR,Maritime,2019,195290,A,Normal value,3,Thousands,FALSE,FALSE,FALSE,FALSE
HRV,Croatia,T,Tonnes,MAR,Maritime,2020,3157,A,Normal value,3,Thousands,FALSE,FALSE,FALSE,FALSE
MEX,Mexico,T,Tonnes,MAR,Maritime,2020,153890,E,Estimated value,3,Thousands,FALSE,FALSE,TRUE,FALSE
AUT,Austria,T,Tonnes,MAR,Maritime,2019,,M,Missing value; data cannot exist,3,Thousands,TRUE,FALSE,FALSE,FALSE
AZE,Azerbaijan,T,Tonnes,RAIL,Rail,2020,931,A,Normal value,3,Thousands,FALSE,FALSE,FALSE,FALSE
SWE,Sweden,T,Tonnes,RAIL,Rail,2022,7422,A,Normal value,3,Thousands,FALSE,FALSE,FALSE,FALSE
IRL,Ireland,T,Tonnes,MAR,Maritime,2021,8796,A,Normal value,3,Thousands,FALSE,FALSE,FALSE,FALSE
NZL,New Zealand,T,Tonnes,RAIL,Rail,2022,10,A,Normal value,3,Thousands,FALSE,FALSE,FALSE,FALSE
EST,Estonia,T,Tonnes,MAR,Maritime,2022,2253,A,Normal value,3,Thousands,FALSE,FALSE,FALSE,FALSE
FIN,Finland,T,Tonnes,RAIL,Rail,2019,874,A,Normal value,3,Thousands,FALSE,FALSE,FALSE,FALSE
NLD,Netherlands,T,Tonnes,RAIL,Rail,2020,17975,A,Normal value,3,Thousands,FALSE,FALSE,FALSE,FALSE
BEL,Belgium,T,Tonnes,MAR,Maritime,2020,120119,A,Normal value,3,Thousands,FALSE,FALSE,FALSE,FALSE
GEO,Georgia,T,Tonnes,RAIL,Rail,2020,1318,A,Normal value,3,Thousands,FALSE,FALSE,FALSE,FALSE
LUX,Luxembourg,T,Tonnes,MAR,Maritime,2020,,M,Missing value; data cannot exist,3,Thousands,TRUE,FALSE,FALSE,FALSE
TUR,Türkiye,T,Tonnes,RAIL,Rail,2020,16161,A,Normal value,3,Thousands,FALSE,FALSE,FALSE,FALSE
FRA,France,T,Tonnes,RAIL,Rail,2019,19313,A,Normal value,3,Thousands,FALSE,FALSE,FALSE,FALSE
DEU,Germany,T,Tonnes,RAIL,Rail,2020,64929,A,Normal value,3,Thousands,FALSE,FALSE,FALSE,FALSE
CHE,Switzerland,T,Tonnes,RAIL,Rail,2021,21839,A,Normal value,3,Thousands,FALSE,FALSE,FALSE,FALSE
NLD,Netherlands,T,Tonnes,MAR,Maritime,2020,134077,A,Normal value,3,Thousands,FALSE,FALSE,FALSE,FALSE
BLR,Belarus,T,Tonnes,MAR,Maritime,2020,,M,Missing value; data cannot exist,3,Thousands,TRUE,FALSE,FALSE,FALSE
LTU,Lithuania,T,Tonnes,MAR,Maritime,2019,6656,A,Normal value,3,Thousands,FALSE,FALSE,FALSE,FALSE
ALB,Albania,T,Tonnes,MAR,Maritime,2019,1727,A,Normal value,3,Thousands,FALSE,FALSE,FALSE,FALSE
POL,Poland,T,Tonnes,RAIL,Rail,2022,22946,A,Normal value,3,Thousands,FALSE,FALSE,FALSE,FALSE
AUT,Austria,T,Tonnes,RAIL,Rail,2021,22752,A,Normal value,3,Thousands,FALSE,FALSE,FALSE,FALSE
MKD,North Macedonia,T,Tonnes,MAR,Maritime,2020,,M,Missing value; data cannot exist,3,Thousands,TRUE,FALSE,FALSE,FALSE
ESP,Spain,T,Tonnes,RAIL,Rail,2020,6335,A,Normal value,3,Thousands,FALSE,FALSE,FALSE,FALSE
ISL,Iceland,T,Tonnes,MAR,Maritime,2019,7662,A,Normal value,3,Thousands,FALSE,FALSE,FALSE,FALSE
GEO,Georgia,T,Tonnes,MAR,Maritime,2020,4495,A,Normal value,3,Thousands,FALSE,FALSE,FALSE,FALSE
EST,Estonia,T,Tonnes,RAIL,Rail,2020,356,A,Normal value,3,Thousands,FALSE,FALSE,FALSE,FALSE
SVN,Slovenia,T,Tonnes,RAIL,Rail,2020,4133,A,Normal value,3,Thousands,FALSE,FALSE,FALSE,FALSE
CHL,Chile,T,Tonnes,RAIL,Rail,2019,492,P,Provisional value,3,Thousands,FALSE,TRUE,FALSE,FALSE
NOR,Norway,T,Tonnes,RAIL,Rail,2019,2591,A,Normal value,3,Thousands,FALSE,FALSE,FALSE,FALSE
LVA,Latvia,T,Tonnes,MAR,Maritime,2020,4683,A,Normal value,3,Thousands,FALSE,FALSE,FALSE,FALSE
ISR,Israel,T,Tonnes,MAR,Maritime,2021,27825,A,Normal value,3,Thousands,FALSE,FALSE,FALSE,FALSE
PRT,Portugal,T,Tonnes,RAIL,Rail,2020,4919,A,Normal value,3,Thousands,FALSE,FALSE,FALSE,FALSE
ITA,Italy,T,Tonnes,MAR,Maritime,2020,96272,A,Normal value,3,Thousands,FALSE,FALSE,FALSE,FALSE
JPN,Japan,T,Tonnes,MAR,Maritime,2019,294529,A,Normal value,3,Thousands,FALSE,FALSE,FALSE,FALSE
HRV,Croatia,T,Tonnes,MAR,Maritime,2019,3138,A,Normal value,3,Thousands,FALSE,FALSE,FALSE,FALSE
HRV,Croatia,T,Tonnes,MAR,Maritime,2022,3806,A,Normal value,3,Thousands,FALSE,FALSE,FALSE,FALSE
HRV,Croatia,T,Tonnes,MAR,Maritime,2021,3472,A,Normal value,3,Thousands,FALSE,FALSE,FALSE,FALSE
MEX,Mexico,T,Tonnes,MAR,Maritime,2019,169188,E,Estimated value,3,Thousands,FALSE,FALSE,TRUE,FALSE
MEX,Mexico,T,Tonnes,MAR,Maritime,2022,197900,E,Estimated value,3,Thousands,FALSE,FALSE,TRUE,FALSE
MEX,Mexico,T,Tonnes,MAR,Maritime,2021,187113,E,Estimated value,3,Thousands,FALSE,FALSE,TRUE,FALSE
AUT,Austria,T,Tonnes,MAR,Maritime,2022,,M,Missing value; data cannot exist,3,Thousands,TRUE,FALSE,FALSE,FALSE
AUT,Austria,T,Tonnes,MAR,Maritime,2021,,M,Missing value; data cannot exist,3,Thousands,TRUE,FALSE,FALSE,FALSE
AZE,Azerbaijan,T,Tonnes,RAIL,Rail,2019,786,A,Normal value,3,Thousands,FALSE,FALSE,FALSE,FALSE
AZE,Azerbaijan,T,Tonnes,RAIL,Rail,2022,1252,A,Normal value,3,Thousands,FALSE,FALSE,FALSE,FALSE
AZE,Azerbaijan,T,Tonnes,RAIL,Rail,2021,917,A,Normal value,3,Thousands,FALSE,FALSE,FALSE,FALSE
SWE,Sweden,T,Tonnes,RAIL,Rail,2021,7075,A,Normal value,3,Thousands,FALSE,FALSE,FALSE,FALSE
SWE,Sweden,T,Tonnes,RAIL,Rail,2020,6700,A,Normal value,3,Thousands,FALSE,FALSE,FALSE,FALSE
SWE,Sweden,T,Tonnes,RAIL,Rail,2019,5766,A,Normal value,3,Thousands,FALSE,FALSE,FALSE,FALSE
IRL,Ireland,T,Tonnes,MAR,Maritime,2019,8009,A,Normal value,3,Thousands,FALSE,FALSE,FALSE,FALSE
IRL,Ireland,T,Tonnes,MAR,Maritime,2020,7806,A,Normal value,3,Thousands,FALSE,FALSE,FALSE,FALSE
IRL,Ireland,T,Tonnes,MAR,Maritime,2022,8457,A,Normal value,3,Thousands,FALSE,FALSE,FALSE,FALSE
NZL,New Zealand,T,Tonnes,RAIL,Rail,2021,11,A,Normal value,3,Thousands,FALSE,FALSE,FALSE,FALSE
NZL,New Zealand,T,Tonnes,RAIL,Rail,2020,10,A,Normal value,3,Thousands,FALSE,FALSE,FALSE,FALSE
NZL,New Zealand,T,Tonnes,RAIL,Rail,2019,11,A,Normal value,3,Thousands,FALSE,FALSE,FALSE,FALSE
EST,Estonia,T,Tonnes,MAR,Maritime,2021,1907,A,Normal value,3,Thousands,FALSE,FALSE,FALSE,FALSE
EST,Estonia,T,Tonnes,MAR,Maritime,2020,1814,A,Normal value,3,Thousands,FALSE,FALSE,FALSE,FALSE
EST,Estonia,T,Tonnes,MAR,Maritime,2019,1965,A,Normal value,3,Thousands,FALSE,FALSE,FALSE,FALSE
FIN,Finland,T,Tonnes,RAIL,Rail,2022,631,A,Normal value,3,Thousands,FALSE,FALSE,FALSE,FALSE
AUT,Austria,T,Tonnes,MAR,Maritime,2020,,M,Missing value; data cannot exist,3,Thousands,TRUE,FALSE,FALSE,FALSE
