work_shift,type,refinery,origin_departure_date,origin_net_weight,destination_arrival_date,destination_net_weight,raw_row_number,missing_weight_flag,weight_difference,weight_difference_sign,duplicate_group_size,duplicate_flag,origin_calendar_year,origin_calendar_month,origin_calendar_day,destination_calendar_year,destination_calendar_month,destination_calendar_day,date_format_flag,date_label_order_flag
Day shift,VB,Tehran,1398/12/28,23720,1399/01/01,23700,2,FALSE,-20,negative_raw_difference,1,FALSE,1398,12,28,1399,1,1,valid_yyyy_mm_dd_components,destination_label_after_or_equal_origin
Day shift,VB,Tehran,1398/12/27,26080,1399/01/01,25980,3,FALSE,-100,negative_raw_difference,1,FALSE,1398,12,27,1399,1,1,valid_yyyy_mm_dd_components,destination_label_after_or_equal_origin
Day shift,VB,Tehran,1398/12/28,23260,1399/01/01,23700,4,FALSE,440,positive_raw_difference,1,FALSE,1398,12,28,1399,1,1,valid_yyyy_mm_dd_components,destination_label_after_or_equal_origin
Day shift,VB,Tehran,1398/12/29,26380,1399/01/02,26300,5,FALSE,-80,negative_raw_difference,1,FALSE,1398,12,29,1399,1,2,valid_yyyy_mm_dd_components,destination_label_after_or_equal_origin
Day shift,VB,Tehran,1398/12/28,25920,1399/01/02,25900,6,FALSE,-20,negative_raw_difference,1,FALSE,1398,12,28,1399,1,2,valid_yyyy_mm_dd_components,destination_label_after_or_equal_origin
Day shift,VB,Tehran,1398/12/29,24200,1399/01/02,24200,7,FALSE,0,zero_raw_difference,1,FALSE,1398,12,29,1399,1,2,valid_yyyy_mm_dd_components,destination_label_after_or_equal_origin
Day shift,VB,Tehran,1399/01/01,26600,1399/01/03,26680,8,FALSE,80,positive_raw_difference,1,FALSE,1399,1,1,1399,1,3,valid_yyyy_mm_dd_components,destination_label_after_or_equal_origin
Day shift,VB,Tehran,1399/01/02,23880,1399/01/03,23940,9,FALSE,60,positive_raw_difference,1,FALSE,1399,1,2,1399,1,3,valid_yyyy_mm_dd_components,destination_label_after_or_equal_origin
Day shift,VB,Tehran,1399/01/01,25920,1399/01/03,25880,10,FALSE,-40,negative_raw_difference,1,FALSE,1399,1,1,1399,1,3,valid_yyyy_mm_dd_components,destination_label_after_or_equal_origin
Day shift,VB,Tehran,1399/01/01,24540,1399/01/03,24510,11,FALSE,-30,negative_raw_difference,1,FALSE,1399,1,1,1399,1,3,valid_yyyy_mm_dd_components,destination_label_after_or_equal_origin
Day shift,C5+,Pars Petrochemical,1398/12/27,26710,1399/01/03,26670,12,FALSE,-40,negative_raw_difference,1,FALSE,1398,12,27,1399,1,3,valid_yyyy_mm_dd_components,destination_label_after_or_equal_origin
Day shift,VB,Tehran,1398/12/29,24940,1399/01/03,24860,13,FALSE,-80,negative_raw_difference,1,FALSE,1398,12,29,1399,1,3,valid_yyyy_mm_dd_components,destination_label_after_or_equal_origin
Day shift,VB,Tehran,1399/01/02,24460,1399/01/03,24460,14,FALSE,0,zero_raw_difference,1,FALSE,1399,1,2,1399,1,3,valid_yyyy_mm_dd_components,destination_label_after_or_equal_origin
Day shift,VB,Tehran,1399/01/02,26960,1399/01/04,26920,15,FALSE,-40,negative_raw_difference,1,FALSE,1399,1,2,1399,1,4,valid_yyyy_mm_dd_components,destination_label_after_or_equal_origin
Day shift,VB,Tehran,1399/01/02,23800,1399/01/03,23830,16,FALSE,30,positive_raw_difference,1,FALSE,1399,1,2,1399,1,3,valid_yyyy_mm_dd_components,destination_label_after_or_equal_origin
Day shift,VB,Tehran,1399/01/02,26720,1399/01/04,26660,17,FALSE,-60,negative_raw_difference,1,FALSE,1399,1,2,1399,1,4,valid_yyyy_mm_dd_components,destination_label_after_or_equal_origin
Day shift,VB,Tehran,1399/01/03,25920,1399/01/05,25930,18,FALSE,10,positive_raw_difference,1,FALSE,1399,1,3,1399,1,5,valid_yyyy_mm_dd_components,destination_label_after_or_equal_origin
Day shift,VB,Tehran,1399/01/03,24500,1399/01/05,24500,19,FALSE,0,zero_raw_difference,1,FALSE,1399,1,3,1399,1,5,valid_yyyy_mm_dd_components,destination_label_after_or_equal_origin
Day shift,VB,Tehran,1399/01/04,25460,1399/01/05,25490,20,FALSE,30,positive_raw_difference,1,FALSE,1399,1,4,1399,1,5,valid_yyyy_mm_dd_components,destination_label_after_or_equal_origin
Day shift,VB,Tehran,1399/01/04,26660,1399/01/06,26640,21,FALSE,-20,negative_raw_difference,1,FALSE,1399,1,4,1399,1,6,valid_yyyy_mm_dd_components,destination_label_after_or_equal_origin
Day shift,VB,Tehran,1399/01/03,23480,1399/01/05,23470,22,FALSE,-10,negative_raw_difference,1,FALSE,1399,1,3,1399,1,5,valid_yyyy_mm_dd_components,destination_label_after_or_equal_origin
Day shift,VB,Tehran,1399/01/05,24360,1399/01/06,24410,23,FALSE,50,positive_raw_difference,1,FALSE,1399,1,5,1399,1,6,valid_yyyy_mm_dd_components,destination_label_after_or_equal_origin
Day shift,VB,Tehran,1399/01/04,23820,1399/01/06,23830,24,FALSE,10,positive_raw_difference,1,FALSE,1399,1,4,1399,1,6,valid_yyyy_mm_dd_components,destination_label_after_or_equal_origin
Day shift,VB,Tehran,1399/01/05,23660,1399/01/06,23730,25,FALSE,70,positive_raw_difference,1,FALSE,1399,1,5,1399,1,6,valid_yyyy_mm_dd_components,destination_label_after_or_equal_origin
Day shift,VB,Tehran,1399/01/05,25980,1399/01/06,25990,26,FALSE,10,positive_raw_difference,1,FALSE,1399,1,5,1399,1,6,valid_yyyy_mm_dd_components,destination_label_after_or_equal_origin
Day shift,VB,Tehran,1399/01/05,25100,1399/01/06,25110,27,FALSE,10,positive_raw_difference,1,FALSE,1399,1,5,1399,1,6,valid_yyyy_mm_dd_components,destination_label_after_or_equal_origin
Day shift,VB,Tehran,1399/01/05,23280,1399/01/06,23240,28,FALSE,-40,negative_raw_difference,1,FALSE,1399,1,5,1399,1,6,valid_yyyy_mm_dd_components,destination_label_after_or_equal_origin
Day shift,VB,Tehran,1399/01/05,22880,1399/01/06,22860,29,FALSE,-20,negative_raw_difference,1,FALSE,1399,1,5,1399,1,6,valid_yyyy_mm_dd_components,destination_label_after_or_equal_origin
Day shift,VB,Tehran,1399/01/04,25140,1399/01/06,25140,30,FALSE,0,zero_raw_difference,1,FALSE,1399,1,4,1399,1,6,valid_yyyy_mm_dd_components,destination_label_after_or_equal_origin
Day shift,VB,Tehran,1399/01/04,26180,1399/01/06,26130,31,FALSE,-50,negative_raw_difference,1,FALSE,1399,1,4,1399,1,6,valid_yyyy_mm_dd_components,destination_label_after_or_equal_origin
Day shift,VB,Tehran,1399/01/05,26160,1399/01/07,26360,32,FALSE,200,positive_raw_difference,1,FALSE,1399,1,5,1399,1,7,valid_yyyy_mm_dd_components,destination_label_after_or_equal_origin
Day shift,VB,Tehran,1399/01/05,26360,1399/01/07,26360,33,FALSE,0,zero_raw_difference,1,FALSE,1399,1,5,1399,1,7,valid_yyyy_mm_dd_components,destination_label_after_or_equal_origin
Day shift,VB,Tehran,1399/01/05,25200,1399/01/07,25220,34,FALSE,20,positive_raw_difference,1,FALSE,1399,1,5,1399,1,7,valid_yyyy_mm_dd_components,destination_label_after_or_equal_origin
Day shift,VB,Tehran,1399/01/05,24440,1399/01/07,24390,35,FALSE,-50,negative_raw_difference,1,FALSE,1399,1,5,1399,1,7,valid_yyyy_mm_dd_components,destination_label_after_or_equal_origin
Day shift,VB,Tehran,1399/01/05,23140,1399/01/07,23210,36,FALSE,70,positive_raw_difference,1,FALSE,1399,1,5,1399,1,7,valid_yyyy_mm_dd_components,destination_label_after_or_equal_origin
Day shift,C5+,Pars Petrochemical,1398/12/29,26360,1399/01/07,26380,37,FALSE,20,positive_raw_difference,1,FALSE,1398,12,29,1399,1,7,valid_yyyy_mm_dd_components,destination_label_after_or_equal_origin
Day shift,VB,Tehran,1399/01/06,25280,1399/01/07,25250,38,FALSE,-30,negative_raw_difference,1,FALSE,1399,1,6,1399,1,7,valid_yyyy_mm_dd_components,destination_label_after_or_equal_origin
Day shift,VB,Tehran,1399/01/05,24220,1399/01/07,24190,39,FALSE,-30,negative_raw_difference,1,FALSE,1399,1,5,1399,1,7,valid_yyyy_mm_dd_components,destination_label_after_or_equal_origin
Day shift,VB,Tehran,1399/01/05,24380,1399/01/07,24340,40,FALSE,-40,negative_raw_difference,1,FALSE,1399,1,5,1399,1,7,valid_yyyy_mm_dd_components,destination_label_after_or_equal_origin
Day shift,VB,Tehran,1399/01/06,24200,1399/01/07,24140,41,FALSE,-60,negative_raw_difference,1,FALSE,1399,1,6,1399,1,7,valid_yyyy_mm_dd_components,destination_label_after_or_equal_origin
Day shift,VB,Tehran,1399/01/05,23820,1399/01/07,23820,42,FALSE,0,zero_raw_difference,1,FALSE,1399,1,5,1399,1,7,valid_yyyy_mm_dd_components,destination_label_after_or_equal_origin
Day shift,VB,Tehran,1399/01/05,23420,1399/01/07,23410,43,FALSE,-10,negative_raw_difference,1,FALSE,1399,1,5,1399,1,7,valid_yyyy_mm_dd_components,destination_label_after_or_equal_origin
Day shift,VB,Tehran,1399/01/06,23780,1399/01/08,23790,44,FALSE,10,positive_raw_difference,1,FALSE,1399,1,6,1399,1,8,valid_yyyy_mm_dd_components,destination_label_after_or_equal_origin
Day shift,VB,Tehran,1399/01/06,24400,1399/01/08,24370,45,FALSE,-30,negative_raw_difference,1,FALSE,1399,1,6,1399,1,8,valid_yyyy_mm_dd_components,destination_label_after_or_equal_origin
Day shift,VB,Tehran,1399/01/06,24460,1399/01/08,24430,46,FALSE,-30,negative_raw_difference,1,FALSE,1399,1,6,1399,1,8,valid_yyyy_mm_dd_components,destination_label_after_or_equal_origin
Day shift,VB,Tehran,1399/01/07,24600,1399/01/08,24570,47,FALSE,-30,negative_raw_difference,1,FALSE,1399,1,7,1399,1,8,valid_yyyy_mm_dd_components,destination_label_after_or_equal_origin
Day shift,VB,Tehran,1399/01/07,23880,1399/01/08,23840,48,FALSE,-40,negative_raw_difference,1,FALSE,1399,1,7,1399,1,8,valid_yyyy_mm_dd_components,destination_label_after_or_equal_origin
Day shift,VB,Tehran,1399/01/06,24680,1399/01/09,24720,49,FALSE,40,positive_raw_difference,1,FALSE,1399,1,6,1399,1,9,valid_yyyy_mm_dd_components,destination_label_after_or_equal_origin
Day shift,VB,Tehran,1399/01/06,24660,1399/01/09,24620,50,FALSE,-40,negative_raw_difference,1,FALSE,1399,1,6,1399,1,9,valid_yyyy_mm_dd_components,destination_label_after_or_equal_origin
Day shift,VB,Tehran,1399/01/06,27080,1399/01/09,27030,51,FALSE,-50,negative_raw_difference,1,FALSE,1399,1,6,1399,1,9,valid_yyyy_mm_dd_components,destination_label_after_or_equal_origin
Day shift,C5+,Pars Petrochemical,1399/01/18,24080,1399/01/20,24060,52,FALSE,-20,negative_raw_difference,1,FALSE,1399,1,18,1399,1,20,valid_yyyy_mm_dd_components,destination_label_after_or_equal_origin
Day shift,C5+,Pars Petrochemical,1399/01/20,28340,1399/01/22,28320,53,FALSE,-20,negative_raw_difference,1,FALSE,1399,1,20,1399,1,22,valid_yyyy_mm_dd_components,destination_label_after_or_equal_origin
Night shift,VB,Shiraz,1399/01/25,24660,1399/01/25,24640,54,FALSE,-20,negative_raw_difference,1,FALSE,1399,1,25,1399,1,25,valid_yyyy_mm_dd_components,destination_label_after_or_equal_origin
Night shift,VB,Shiraz,1399/01/25,22090,1399/01/25,22040,55,FALSE,-50,negative_raw_difference,1,FALSE,1399,1,25,1399,1,25,valid_yyyy_mm_dd_components,destination_label_after_or_equal_origin
Night shift,VB,Shiraz,1399/01/25,25000,1399/01/25,25030,56,FALSE,30,positive_raw_difference,1,FALSE,1399,1,25,1399,1,25,valid_yyyy_mm_dd_components,destination_label_after_or_equal_origin
Night shift,VB,Shiraz,1399/01/25,24530,1399/01/26,24500,57,FALSE,-30,negative_raw_difference,1,FALSE,1399,1,25,1399,1,26,valid_yyyy_mm_dd_components,destination_label_after_or_equal_origin
Night shift,VB,Shiraz,1399/01/25,23300,1399/01/26,23290,58,FALSE,-10,negative_raw_difference,1,FALSE,1399,1,25,1399,1,26,valid_yyyy_mm_dd_components,destination_label_after_or_equal_origin
Night shift,VB,Shiraz,1399/01/25,25460,1399/01/26,25390,59,FALSE,-70,negative_raw_difference,1,FALSE,1399,1,25,1399,1,26,valid_yyyy_mm_dd_components,destination_label_after_or_equal_origin
Night shift,VB,Shiraz,1399/01/25,23920,1399/01/26,24010,60,FALSE,90,positive_raw_difference,1,FALSE,1399,1,25,1399,1,26,valid_yyyy_mm_dd_components,destination_label_after_or_equal_origin
Day shift,VB,Shiraz,1399/01/25,22480,1399/01/26,22440,61,FALSE,-40,negative_raw_difference,1,FALSE,1399,1,25,1399,1,26,valid_yyyy_mm_dd_components,destination_label_after_or_equal_origin
Day shift,VB,Shiraz,1399/01/25,22770,1399/01/26,22760,62,FALSE,-10,negative_raw_difference,1,FALSE,1399,1,25,1399,1,26,valid_yyyy_mm_dd_components,destination_label_after_or_equal_origin
Day shift,VB,Shiraz,1399/01/25,23750,1399/01/26,23730,63,FALSE,-20,negative_raw_difference,1,FALSE,1399,1,25,1399,1,26,valid_yyyy_mm_dd_components,destination_label_after_or_equal_origin
Day shift,VB,Shiraz,1399/01/25,26620,1399/01/26,26600,64,FALSE,-20,negative_raw_difference,1,FALSE,1399,1,25,1399,1,26,valid_yyyy_mm_dd_components,destination_label_after_or_equal_origin
Day shift,VB,Shiraz,1399/01/25,24930,1399/01/26,24900,65,FALSE,-30,negative_raw_difference,1,FALSE,1399,1,25,1399,1,26,valid_yyyy_mm_dd_components,destination_label_after_or_equal_origin
Day shift,VB,Shiraz,1399/01/25,25220,1399/01/26,25220,66,FALSE,0,zero_raw_difference,1,FALSE,1399,1,25,1399,1,26,valid_yyyy_mm_dd_components,destination_label_after_or_equal_origin
Day shift,VB,Shiraz,1399/01/25,25830,1399/01/26,25700,67,FALSE,-130,negative_raw_difference,1,FALSE,1399,1,25,1399,1,26,valid_yyyy_mm_dd_components,destination_label_after_or_equal_origin
Day shift,VB,Shiraz,1399/01/25,23800,1399/01/26,23790,68,FALSE,-10,negative_raw_difference,1,FALSE,1399,1,25,1399,1,26,valid_yyyy_mm_dd_components,destination_label_after_or_equal_origin
Day shift,VB,Shiraz,1399/01/25,24250,1399/01/26,24230,69,FALSE,-20,negative_raw_difference,1,FALSE,1399,1,25,1399,1,26,valid_yyyy_mm_dd_components,destination_label_after_or_equal_origin
Day shift,VB,Shiraz,1399/01/25,22650,1399/01/26,22640,70,FALSE,-10,negative_raw_difference,1,FALSE,1399,1,25,1399,1,26,valid_yyyy_mm_dd_components,destination_label_after_or_equal_origin
Day shift,VB,Shiraz,1399/01/25,23470,1399/01/26,23450,71,FALSE,-20,negative_raw_difference,1,FALSE,1399,1,25,1399,1,26,valid_yyyy_mm_dd_components,destination_label_after_or_equal_origin
Day shift,VB,Shiraz,1399/01/25,24380,1399/01/26,24390,72,FALSE,10,positive_raw_difference,1,FALSE,1399,1,25,1399,1,26,valid_yyyy_mm_dd_components,destination_label_after_or_equal_origin
Day shift,VB,Shiraz,1399/01/25,24850,1399/01/26,24850,73,FALSE,0,zero_raw_difference,1,FALSE,1399,1,25,1399,1,26,valid_yyyy_mm_dd_components,destination_label_after_or_equal_origin
Day shift,VB,Shiraz,1399/01/25,24480,1399/01/26,24460,74,FALSE,-20,negative_raw_difference,1,FALSE,1399,1,25,1399,1,26,valid_yyyy_mm_dd_components,destination_label_after_or_equal_origin
Day shift,VB,Shiraz,1399/01/25,25340,1399/01/26,25320,75,FALSE,-20,negative_raw_difference,1,FALSE,1399,1,25,1399,1,26,valid_yyyy_mm_dd_components,destination_label_after_or_equal_origin
Day shift,VB,Shiraz,1399/01/26,24240,1399/01/26,24210,76,FALSE,-30,negative_raw_difference,1,FALSE,1399,1,26,1399,1,26,valid_yyyy_mm_dd_components,destination_label_after_or_equal_origin
Day shift,VB,Shiraz,1399/01/25,24720,1399/01/26,24700,77,FALSE,-20,negative_raw_difference,1,FALSE,1399,1,25,1399,1,26,valid_yyyy_mm_dd_components,destination_label_after_or_equal_origin
Day shift,VB,Shiraz,1399/01/26,25840,1399/01/26,25820,78,FALSE,-20,negative_raw_difference,1,FALSE,1399,1,26,1399,1,26,valid_yyyy_mm_dd_components,destination_label_after_or_equal_origin
Night shift,VB,Shiraz,1399/01/25,24520,1399/01/26,24450,79,FALSE,-70,negative_raw_difference,2,TRUE,1399,1,25,1399,1,26,valid_yyyy_mm_dd_components,destination_label_after_or_equal_origin
Night shift,VB,Shiraz,1399/01/25,24410,1399/01/26,24310,80,FALSE,-100,negative_raw_difference,1,FALSE,1399,1,25,1399,1,26,valid_yyyy_mm_dd_components,destination_label_after_or_equal_origin
Night shift,VB,Shiraz,1399/01/25,24520,1399/01/26,24450,81,FALSE,-70,negative_raw_difference,2,TRUE,1399,1,25,1399,1,26,valid_yyyy_mm_dd_components,destination_label_after_or_equal_origin
Night shift,VB,Shiraz,1399/01/25,25150,1399/01/26,25200,82,FALSE,50,positive_raw_difference,1,FALSE,1399,1,25,1399,1,26,valid_yyyy_mm_dd_components,destination_label_after_or_equal_origin
Night shift,VB,Shiraz,1399/01/25,25270,1399/01/26,25290,83,FALSE,20,positive_raw_difference,1,FALSE,1399,1,25,1399,1,26,valid_yyyy_mm_dd_components,destination_label_after_or_equal_origin
Night shift,VB,Shiraz,1399/01/26,23140,1399/01/26,23170,84,FALSE,30,positive_raw_difference,1,FALSE,1399,1,26,1399,1,26,valid_yyyy_mm_dd_components,destination_label_after_or_equal_origin
Night shift,VB,Shiraz,1399/01/26,24250,1399/01/26,24220,85,FALSE,-30,negative_raw_difference,1,FALSE,1399,1,26,1399,1,26,valid_yyyy_mm_dd_components,destination_label_after_or_equal_origin
Night shift,VB,Shiraz,1399/01/26,24550,1399/01/26,24530,86,FALSE,-20,negative_raw_difference,1,FALSE,1399,1,26,1399,1,26,valid_yyyy_mm_dd_components,destination_label_after_or_equal_origin
Night shift,VB,Shiraz,1399/01/26,24720,1399/01/27,24700,87,FALSE,-20,negative_raw_difference,1,FALSE,1399,1,26,1399,1,27,valid_yyyy_mm_dd_components,destination_label_after_or_equal_origin
Day shift,VB,Shiraz,1399/01/26,22470,1399/01/27,22470,88,FALSE,0,zero_raw_difference,1,FALSE,1399,1,26,1399,1,27,valid_yyyy_mm_dd_components,destination_label_after_or_equal_origin
Day shift,VB,Shiraz,1399/01/26,24800,1399/01/27,24870,89,FALSE,70,positive_raw_difference,1,FALSE,1399,1,26,1399,1,27,valid_yyyy_mm_dd_components,destination_label_after_or_equal_origin
Day shift,VB,Shiraz,1399/01/26,24350,1399/01/27,24210,90,FALSE,-140,negative_raw_difference,1,FALSE,1399,1,26,1399,1,27,valid_yyyy_mm_dd_components,destination_label_after_or_equal_origin
Day shift,VB,Shiraz,1399/01/26,24250,1399/01/27,24300,91,FALSE,50,positive_raw_difference,1,FALSE,1399,1,26,1399,1,27,valid_yyyy_mm_dd_components,destination_label_after_or_equal_origin
Night shift,VB,Shiraz,1399/01/26,24350,1399/01/27,23840,92,FALSE,-510,negative_raw_difference,1,FALSE,1399,1,26,1399,1,27,valid_yyyy_mm_dd_components,destination_label_after_or_equal_origin
Night shift,VB,Shiraz,1399/01/26,24640,1399/01/27,24590,93,FALSE,-50,negative_raw_difference,1,FALSE,1399,1,26,1399,1,27,valid_yyyy_mm_dd_components,destination_label_after_or_equal_origin
Night shift,VB,Shiraz,1399/01/27,25260,1399/01/27,25280,94,FALSE,20,positive_raw_difference,1,FALSE,1399,1,27,1399,1,27,valid_yyyy_mm_dd_components,destination_label_after_or_equal_origin
Night shift,VB,Shiraz,1399/01/26,24840,1399/01/27,24940,95,FALSE,100,positive_raw_difference,1,FALSE,1399,1,26,1399,1,27,valid_yyyy_mm_dd_components,destination_label_after_or_equal_origin
Night shift,VB,Shiraz,1399/01/26,25320,1399/01/27,25230,96,FALSE,-90,negative_raw_difference,1,FALSE,1399,1,26,1399,1,27,valid_yyyy_mm_dd_components,destination_label_after_or_equal_origin
Night shift,VB,Shiraz,1399/01/26,24550,1399/01/27,24330,97,FALSE,-220,negative_raw_difference,1,FALSE,1399,1,26,1399,1,27,valid_yyyy_mm_dd_components,destination_label_after_or_equal_origin
Night shift,VB,Shiraz,1399/01/26,23210,1399/01/28,23200,98,FALSE,-10,negative_raw_difference,1,FALSE,1399,1,26,1399,1,28,valid_yyyy_mm_dd_components,destination_label_after_or_equal_origin
Night shift,VB,Shiraz,1399/01/26,25060,1399/01/28,25020,99,FALSE,-40,negative_raw_difference,1,FALSE,1399,1,26,1399,1,28,valid_yyyy_mm_dd_components,destination_label_after_or_equal_origin
Night shift,VB,Shiraz,1399/01/27,23790,1399/01/28,23760,100,FALSE,-30,negative_raw_difference,1,FALSE,1399,1,27,1399,1,28,valid_yyyy_mm_dd_components,destination_label_after_or_equal_origin
Night shift,C5+,Pars Petrochemical,1399/01/26,26980,1399/01/27,26940,101,FALSE,-40,negative_raw_difference,1,FALSE,1399,1,26,1399,1,27,valid_yyyy_mm_dd_components,destination_label_after_or_equal_origin
Day shift,VB,Shiraz,1399/01/27,25680,1399/01/28,25710,102,FALSE,30,positive_raw_difference,1,FALSE,1399,1,27,1399,1,28,valid_yyyy_mm_dd_components,destination_label_after_or_equal_origin
Night shift,VB,Shiraz,1399/01/26,23460,1399/01/28,23570,103,FALSE,110,positive_raw_difference,1,FALSE,1399,1,26,1399,1,28,valid_yyyy_mm_dd_components,destination_label_after_or_equal_origin
Day shift,VB,Shiraz,1399/01/26,23030,1399/01/29,23030,104,FALSE,0,zero_raw_difference,1,FALSE,1399,1,26,1399,1,29,valid_yyyy_mm_dd_components,destination_label_after_or_equal_origin
Day shift,VB,Shiraz,1399/02/03,25710,1399/02/04,25640,105,FALSE,-70,negative_raw_difference,1,FALSE,1399,2,3,1399,2,4,valid_yyyy_mm_dd_components,destination_label_after_or_equal_origin
Day shift,VB,Shiraz,1399/02/03,25440,1399/02/04,25400,106,FALSE,-40,negative_raw_difference,1,FALSE,1399,2,3,1399,2,4,valid_yyyy_mm_dd_components,destination_label_after_or_equal_origin
Day shift,VB,Shiraz,1399/02/03,24320,1399/02/04,24310,107,FALSE,-10,negative_raw_difference,1,FALSE,1399,2,3,1399,2,4,valid_yyyy_mm_dd_components,destination_label_after_or_equal_origin
Day shift,VB,Shiraz,1399/02/03,22500,1399/02/04,22480,108,FALSE,-20,negative_raw_difference,1,FALSE,1399,2,3,1399,2,4,valid_yyyy_mm_dd_components,destination_label_after_or_equal_origin
Day shift,VB,Shiraz,1399/02/03,24400,1399/02/04,24370,109,FALSE,-30,negative_raw_difference,1,FALSE,1399,2,3,1399,2,4,valid_yyyy_mm_dd_components,destination_label_after_or_equal_origin
Day shift,VB,Shiraz,1399/02/03,25240,1399/02/04,25220,110,FALSE,-20,negative_raw_difference,1,FALSE,1399,2,3,1399,2,4,valid_yyyy_mm_dd_components,destination_label_after_or_equal_origin
Day shift,VB,Shiraz,1399/02/03,22950,1399/02/04,22920,111,FALSE,-30,negative_raw_difference,1,FALSE,1399,2,3,1399,2,4,valid_yyyy_mm_dd_components,destination_label_after_or_equal_origin
Day shift,VB,Shiraz,1399/02/03,25770,1399/02/04,25740,112,FALSE,-30,negative_raw_difference,1,FALSE,1399,2,3,1399,2,4,valid_yyyy_mm_dd_components,destination_label_after_or_equal_origin
Day shift,VB,Shiraz,1399/02/03,24890,1399/02/04,24820,113,FALSE,-70,negative_raw_difference,1,FALSE,1399,2,3,1399,2,4,valid_yyyy_mm_dd_components,destination_label_after_or_equal_origin
Day shift,VB,Shiraz,1399/02/03,25230,1399/02/04,25210,114,FALSE,-20,negative_raw_difference,1,FALSE,1399,2,3,1399,2,4,valid_yyyy_mm_dd_components,destination_label_after_or_equal_origin
Day shift,VB,Shiraz,1399/02/03,25470,1399/02/04,25430,115,FALSE,-40,negative_raw_difference,1,FALSE,1399,2,3,1399,2,4,valid_yyyy_mm_dd_components,destination_label_after_or_equal_origin
Night shift,VB,Shiraz,1399/02/04,24200,1399/02/04,24280,116,FALSE,80,positive_raw_difference,1,FALSE,1399,2,4,1399,2,4,valid_yyyy_mm_dd_components,destination_label_after_or_equal_origin
Night shift,VB,Shiraz,1399/02/03,24850,1399/02/04,24820,117,FALSE,-30,negative_raw_difference,1,FALSE,1399,2,3,1399,2,4,valid_yyyy_mm_dd_components,destination_label_after_or_equal_origin
Night shift,VB,Shiraz,1399/02/04,24170,1399/02/04,24120,118,FALSE,-50,negative_raw_difference,1,FALSE,1399,2,4,1399,2,4,valid_yyyy_mm_dd_components,destination_label_after_or_equal_origin
Day shift,VB,Shiraz,1399/02/04,25140,1399/02/05,25240,119,FALSE,100,positive_raw_difference,1,FALSE,1399,2,4,1399,2,5,valid_yyyy_mm_dd_components,destination_label_after_or_equal_origin
Day shift,VB,Shiraz,1399/02/04,24780,1399/02/05,24900,120,FALSE,120,positive_raw_difference,1,FALSE,1399,2,4,1399,2,5,valid_yyyy_mm_dd_components,destination_label_after_or_equal_origin
Night shift,VB,Shiraz,1399/02/05,23630,1399/02/05,23940,121,FALSE,310,positive_raw_difference,1,FALSE,1399,2,5,1399,2,5,valid_yyyy_mm_dd_components,destination_label_after_or_equal_origin
Night shift,VB,Shiraz,1399/02/05,25420,1399/02/05,25480,122,FALSE,60,positive_raw_difference,1,FALSE,1399,2,5,1399,2,5,valid_yyyy_mm_dd_components,destination_label_after_or_equal_origin
Night shift,VB,Shiraz,1399/02/05,24560,1399/02/05,24730,123,FALSE,170,positive_raw_difference,1,FALSE,1399,2,5,1399,2,5,valid_yyyy_mm_dd_components,destination_label_after_or_equal_origin
Night shift,VB,Shiraz,1399/02/05,24040,1399/02/05,24130,124,FALSE,90,positive_raw_difference,1,FALSE,1399,2,5,1399,2,5,valid_yyyy_mm_dd_components,destination_label_after_or_equal_origin
Night shift,VB,Shiraz,1399/02/04,24470,1399/02/05,24730,125,FALSE,260,positive_raw_difference,1,FALSE,1399,2,4,1399,2,5,valid_yyyy_mm_dd_components,destination_label_after_or_equal_origin
Day shift,VB,Shiraz,1399/02/04,24290,1399/02/06,24270,126,FALSE,-20,negative_raw_difference,1,FALSE,1399,2,4,1399,2,6,valid_yyyy_mm_dd_components,destination_label_after_or_equal_origin
Night shift,VB,Shiraz,1399/02/05,23970,1399/02/06,24040,127,FALSE,70,positive_raw_difference,1,FALSE,1399,2,5,1399,2,6,valid_yyyy_mm_dd_components,destination_label_after_or_equal_origin
Day shift,VB,Shiraz,1399/02/06,25290,1399/02/07,25280,128,FALSE,-10,negative_raw_difference,1,FALSE,1399,2,6,1399,2,7,valid_yyyy_mm_dd_components,destination_label_after_or_equal_origin
Day shift,VB,Shiraz,1399/02/06,23990,1399/02/07,24130,129,FALSE,140,positive_raw_difference,1,FALSE,1399,2,6,1399,2,7,valid_yyyy_mm_dd_components,destination_label_after_or_equal_origin
Day shift,VB,Shiraz,1399/02/06,23770,1399/02/07,24000,130,FALSE,230,positive_raw_difference,1,FALSE,1399,2,6,1399,2,7,valid_yyyy_mm_dd_components,destination_label_after_or_equal_origin
Day shift,VB,Shiraz,1399/02/06,25250,1399/02/07,25420,131,FALSE,170,positive_raw_difference,1,FALSE,1399,2,6,1399,2,7,valid_yyyy_mm_dd_components,destination_label_after_or_equal_origin
Day shift,VB,Shiraz,1399/02/06,24310,1399/02/07,24440,132,FALSE,130,positive_raw_difference,1,FALSE,1399,2,6,1399,2,7,valid_yyyy_mm_dd_components,destination_label_after_or_equal_origin
Day shift,VB,Shiraz,1399/02/06,26230,1399/02/07,26320,133,FALSE,90,positive_raw_difference,1,FALSE,1399,2,6,1399,2,7,valid_yyyy_mm_dd_components,destination_label_after_or_equal_origin
Day shift,VB,Shiraz,1399/02/06,24300,1399/02/07,24280,134,FALSE,-20,negative_raw_difference,1,FALSE,1399,2,6,1399,2,7,valid_yyyy_mm_dd_components,destination_label_after_or_equal_origin
Night shift,VB,Shiraz,1399/02/06,22920,1399/02/07,22930,135,FALSE,10,positive_raw_difference,1,FALSE,1399,2,6,1399,2,7,valid_yyyy_mm_dd_components,destination_label_after_or_equal_origin
Day shift,VB,Shiraz,1399/02/09,24650,1399/02/10,24590,136,FALSE,-60,negative_raw_difference,1,FALSE,1399,2,9,1399,2,10,valid_yyyy_mm_dd_components,destination_label_after_or_equal_origin
Night shift,C5+,Pars Petrochemical,1399/02/12,26560,1399/02/14,26560,137,FALSE,0,zero_raw_difference,1,FALSE,1399,2,12,1399,2,14,valid_yyyy_mm_dd_components,destination_label_after_or_equal_origin
Night shift,C5+,Pars Petrochemical,1399/02/20,26940,1399/02/22,26920,138,FALSE,-20,negative_raw_difference,1,FALSE,1399,2,20,1399,2,22,valid_yyyy_mm_dd_components,destination_label_after_or_equal_origin
Night shift,VB,Shiraz,1399/02/30,24230,1399/02/31,24440,139,FALSE,210,positive_raw_difference,1,FALSE,1399,2,30,1399,2,31,valid_yyyy_mm_dd_components,destination_label_after_or_equal_origin
Night shift,VB,Shiraz,1399/02/30,25600,1399/02/31,25570,140,FALSE,-30,negative_raw_difference,1,FALSE,1399,2,30,1399,2,31,valid_yyyy_mm_dd_components,destination_label_after_or_equal_origin
Night shift,VB,Shiraz,1399/02/30,24180,1399/02/31,24150,141,FALSE,-30,negative_raw_difference,1,FALSE,1399,2,30,1399,2,31,valid_yyyy_mm_dd_components,destination_label_after_or_equal_origin
Day shift,VB,Shiraz,1399/02/30,24230,1399/02/31,24270,142,FALSE,40,positive_raw_difference,1,FALSE,1399,2,30,1399,2,31,valid_yyyy_mm_dd_components,destination_label_after_or_equal_origin
Day shift,VB,Shiraz,1399/02/30,24990,1399/02/31,24970,143,FALSE,-20,negative_raw_difference,1,FALSE,1399,2,30,1399,2,31,valid_yyyy_mm_dd_components,destination_label_after_or_equal_origin
Day shift,VB,Shiraz,1399/02/30,22160,1399/02/31,22120,144,FALSE,-40,negative_raw_difference,1,FALSE,1399,2,30,1399,2,31,valid_yyyy_mm_dd_components,destination_label_after_or_equal_origin
Day shift,VB,Shiraz,1399/02/30,25870,1399/02/31,25860,145,FALSE,-10,negative_raw_difference,1,FALSE,1399,2,30,1399,2,31,valid_yyyy_mm_dd_components,destination_label_after_or_equal_origin
Day shift,VB,Shiraz,1399/02/30,24530,1399/02/31,24640,146,FALSE,110,positive_raw_difference,1,FALSE,1399,2,30,1399,2,31,valid_yyyy_mm_dd_components,destination_label_after_or_equal_origin
Day shift,VB,Shiraz,1399/02/30,24850,1399/02/31,24930,147,FALSE,80,positive_raw_difference,1,FALSE,1399,2,30,1399,2,31,valid_yyyy_mm_dd_components,destination_label_after_or_equal_origin
Day shift,VB,Shiraz,1399/02/30,25160,1399/02/31,25120,148,FALSE,-40,negative_raw_difference,1,FALSE,1399,2,30,1399,2,31,valid_yyyy_mm_dd_components,destination_label_after_or_equal_origin
Day shift,VB,Shiraz,1399/02/30,22640,1399/02/31,22700,149,FALSE,60,positive_raw_difference,1,FALSE,1399,2,30,1399,2,31,valid_yyyy_mm_dd_components,destination_label_after_or_equal_origin
Day shift,VB,Shiraz,1399/02/30,25810,1399/02/31,25760,150,FALSE,-50,negative_raw_difference,1,FALSE,1399,2,30,1399,2,31,valid_yyyy_mm_dd_components,destination_label_after_or_equal_origin
Day shift,VB,Shiraz,1399/02/30,24450,1399/02/31,24680,151,FALSE,230,positive_raw_difference,1,FALSE,1399,2,30,1399,2,31,valid_yyyy_mm_dd_components,destination_label_after_or_equal_origin
Day shift,VB,Shiraz,1399/02/31,24280,1399/02/31,24280,152,FALSE,0,zero_raw_difference,1,FALSE,1399,2,31,1399,2,31,valid_yyyy_mm_dd_components,destination_label_after_or_equal_origin
Night shift,VB,Shiraz,1399/02/30,23750,1399/02/31,23860,153,FALSE,110,positive_raw_difference,1,FALSE,1399,2,30,1399,2,31,valid_yyyy_mm_dd_components,destination_label_after_or_equal_origin
Night shift,VB,Shiraz,1399/02/31,25250,1399/02/31,25220,154,FALSE,-30,negative_raw_difference,1,FALSE,1399,2,31,1399,2,31,valid_yyyy_mm_dd_components,destination_label_after_or_equal_origin
Night shift,VB,Shiraz,1399/02/30,26090,1399/02/31,26220,155,FALSE,130,positive_raw_difference,1,FALSE,1399,2,30,1399,2,31,valid_yyyy_mm_dd_components,destination_label_after_or_equal_origin
Night shift,VB,Shiraz,1399/02/31,22560,1399/02/31,22570,156,FALSE,10,positive_raw_difference,1,FALSE,1399,2,31,1399,2,31,valid_yyyy_mm_dd_components,destination_label_after_or_equal_origin
Night shift,VB,Shiraz,1399/02/31,26190,1399/02/31,26230,157,FALSE,40,positive_raw_difference,1,FALSE,1399,2,31,1399,2,31,valid_yyyy_mm_dd_components,destination_label_after_or_equal_origin
Night shift,VB,Shiraz,1399/02/31,24990,1399/02/31,25110,158,FALSE,120,positive_raw_difference,1,FALSE,1399,2,31,1399,2,31,valid_yyyy_mm_dd_components,destination_label_after_or_equal_origin
Night shift,VB,Shiraz,1399/02/31,25550,1399/02/31,25530,159,FALSE,-20,negative_raw_difference,1,FALSE,1399,2,31,1399,2,31,valid_yyyy_mm_dd_components,destination_label_after_or_equal_origin
Night shift,VB,Shiraz,1399/02/31,24630,1399/02/31,24620,160,FALSE,-10,negative_raw_difference,1,FALSE,1399,2,31,1399,2,31,valid_yyyy_mm_dd_components,destination_label_after_or_equal_origin
Night shift,VB,Shiraz,1399/02/31,24930,1399/02/31,25060,161,FALSE,130,positive_raw_difference,1,FALSE,1399,2,31,1399,2,31,valid_yyyy_mm_dd_components,destination_label_after_or_equal_origin
Night shift,VB,Shiraz,1399/02/31,21740,1399/02/31,21760,162,FALSE,20,positive_raw_difference,1,FALSE,1399,2,31,1399,2,31,valid_yyyy_mm_dd_components,destination_label_after_or_equal_origin
Night shift,VB,Shiraz,1399/02/31,23610,1399/02/31,23660,163,FALSE,50,positive_raw_difference,1,FALSE,1399,2,31,1399,2,31,valid_yyyy_mm_dd_components,destination_label_after_or_equal_origin
Day shift,VB,Shiraz,1399/02/31,24530,1399/03/01,24570,164,FALSE,40,positive_raw_difference,1,FALSE,1399,2,31,1399,3,1,valid_yyyy_mm_dd_components,destination_label_after_or_equal_origin
Day shift,VB,Shiraz,1399/02/31,15050,1399/03/01,15110,165,FALSE,60,positive_raw_difference,1,FALSE,1399,2,31,1399,3,1,valid_yyyy_mm_dd_components,destination_label_after_or_equal_origin
Evening shift,VB,Shiraz,1399/02/31,24240,1399/03/01,24230,166,FALSE,-10,negative_raw_difference,1,FALSE,1399,2,31,1399,3,1,valid_yyyy_mm_dd_components,destination_label_after_or_equal_origin
Evening shift,VB,Shiraz,1399/02/31,24070,1399/03/01,24060,167,FALSE,-10,negative_raw_difference,1,FALSE,1399,2,31,1399,3,1,valid_yyyy_mm_dd_components,destination_label_after_or_equal_origin
Evening shift,VB,Shiraz,1399/02/31,26880,1399/03/01,26860,168,FALSE,-20,negative_raw_difference,1,FALSE,1399,2,31,1399,3,1,valid_yyyy_mm_dd_components,destination_label_after_or_equal_origin
Evening shift,VB,Shiraz,1399/02/31,25010,1399/03/01,25090,169,FALSE,80,positive_raw_difference,1,FALSE,1399,2,31,1399,3,1,valid_yyyy_mm_dd_components,destination_label_after_or_equal_origin
Night shift,VB,Shiraz,1399/02/31,23170,1399/03/01,23170,170,FALSE,0,zero_raw_difference,1,FALSE,1399,2,31,1399,3,1,valid_yyyy_mm_dd_components,destination_label_after_or_equal_origin
Night shift,VB,Shiraz,1399/03/01,24470,1399/03/01,24440,171,FALSE,-30,negative_raw_difference,1,FALSE,1399,3,1,1399,3,1,valid_yyyy_mm_dd_components,destination_label_after_or_equal_origin
Night shift,VB,Shiraz,1399/03/01,25100,1399/03/01,25080,172,FALSE,-20,negative_raw_difference,1,FALSE,1399,3,1,1399,3,1,valid_yyyy_mm_dd_components,destination_label_after_or_equal_origin
Night shift,VB,Shiraz,1399/02/31,23880,1399/03/02,23840,173,FALSE,-40,negative_raw_difference,1,FALSE,1399,2,31,1399,3,2,valid_yyyy_mm_dd_components,destination_label_after_or_equal_origin
Night shift,VB,Shiraz,1399/02/31,26310,1399/03/02,26300,174,FALSE,-10,negative_raw_difference,1,FALSE,1399,2,31,1399,3,2,valid_yyyy_mm_dd_components,destination_label_after_or_equal_origin
Night shift,VB,Shiraz,1399/03/01,25790,1399/03/02,25760,175,FALSE,-30,negative_raw_difference,1,FALSE,1399,3,1,1399,3,2,valid_yyyy_mm_dd_components,destination_label_after_or_equal_origin
Night shift,VB,Shiraz,1399/03/01,23970,1399/03/02,23940,176,FALSE,-30,negative_raw_difference,1,FALSE,1399,3,1,1399,3,2,valid_yyyy_mm_dd_components,destination_label_after_or_equal_origin
Night shift,VB,Shiraz,1399/03/01,25310,1399/03/02,25260,177,FALSE,-50,negative_raw_difference,1,FALSE,1399,3,1,1399,3,2,valid_yyyy_mm_dd_components,destination_label_after_or_equal_origin
Night shift,VB,Shiraz,1399/03/01,24310,1399/03/02,24290,178,FALSE,-20,negative_raw_difference,1,FALSE,1399,3,1,1399,3,2,valid_yyyy_mm_dd_components,destination_label_after_or_equal_origin
Night shift,VB,Shiraz,1399/02/31,24150,1399/03/02,24070,179,FALSE,-80,negative_raw_difference,1,FALSE,1399,2,31,1399,3,2,valid_yyyy_mm_dd_components,destination_label_after_or_equal_origin
Day shift,C5+,Pars Petrochemical,1399/02/31,28200,1399/03/02,28240,180,FALSE,40,positive_raw_difference,1,FALSE,1399,2,31,1399,3,2,valid_yyyy_mm_dd_components,destination_label_after_or_equal_origin
Evening shift,Condensate,South Pars,1399/03/04,23767,1399/03/05,23790,181,FALSE,23,positive_raw_difference,1,FALSE,1399,3,4,1399,3,5,valid_yyyy_mm_dd_components,destination_label_after_or_equal_origin
Evening shift,Condensate,South Pars,1399/03/04,24430,1399/03/05,24300,182,FALSE,-130,negative_raw_difference,1,FALSE,1399,3,4,1399,3,5,valid_yyyy_mm_dd_components,destination_label_after_or_equal_origin
Night shift,Condensate,South Pars,1399/03/04,22381,1399/03/06,22320,183,FALSE,-61,negative_raw_difference,1,FALSE,1399,3,4,1399,3,6,valid_yyyy_mm_dd_components,destination_label_after_or_equal_origin
Night shift,Condensate,South Pars,1399/03/06,23481,1399/03/07,23450,184,FALSE,-31,negative_raw_difference,1,FALSE,1399,3,6,1399,3,7,valid_yyyy_mm_dd_components,destination_label_after_or_equal_origin
Night shift,Condensate,South Pars,1399/03/07,22330,1399/03/07,22320,185,FALSE,-10,negative_raw_difference,1,FALSE,1399,3,7,1399,3,7,valid_yyyy_mm_dd_components,destination_label_after_or_equal_origin
Evening shift,VB,Tehran,1399/03/09,25080,1399/03/10,25040,186,FALSE,-40,negative_raw_difference,1,FALSE,1399,3,9,1399,3,10,valid_yyyy_mm_dd_components,destination_label_after_or_equal_origin
Evening shift,VB,Tehran,1399/03/09,25570,1399/03/10,25550,187,FALSE,-20,negative_raw_difference,1,FALSE,1399,3,9,1399,3,10,valid_yyyy_mm_dd_components,destination_label_after_or_equal_origin
Evening shift,VB,Tehran,1399/03/08,23230,1399/03/10,23190,188,FALSE,-40,negative_raw_difference,1,FALSE,1399,3,8,1399,3,10,valid_yyyy_mm_dd_components,destination_label_after_or_equal_origin
Night shift,VB,Tehran,1399/03/09,25920,1399/03/10,25900,189,FALSE,-20,negative_raw_difference,1,FALSE,1399,3,9,1399,3,10,valid_yyyy_mm_dd_components,destination_label_after_or_equal_origin
Night shift,VB,Tehran,1399/03/09,28770,1399/03/10,28720,190,FALSE,-50,negative_raw_difference,1,FALSE,1399,3,9,1399,3,10,valid_yyyy_mm_dd_components,destination_label_after_or_equal_origin
Night shift,VB,Tehran,1399/03/09,26140,1399/03/10,26070,191,FALSE,-70,negative_raw_difference,1,FALSE,1399,3,9,1399,3,10,valid_yyyy_mm_dd_components,destination_label_after_or_equal_origin
Night shift,VB,Tehran,1399/03/08,24250,1399/03/11,24160,192,FALSE,-90,negative_raw_difference,1,FALSE,1399,3,8,1399,3,11,valid_yyyy_mm_dd_components,destination_label_after_or_equal_origin
Night shift,VB,Tehran,1399/03/09,23730,1399/03/11,23690,193,FALSE,-40,negative_raw_difference,1,FALSE,1399,3,9,1399,3,11,valid_yyyy_mm_dd_components,destination_label_after_or_equal_origin
Night shift,VB,Tehran,1399/03/09,24300,1399/03/10,24300,194,FALSE,0,zero_raw_difference,1,FALSE,1399,3,9,1399,3,10,valid_yyyy_mm_dd_components,destination_label_after_or_equal_origin
Night shift,VB,Tehran,1399/03/08,26040,1399/03/11,26000,195,FALSE,-40,negative_raw_difference,1,FALSE,1399,3,8,1399,3,11,valid_yyyy_mm_dd_components,destination_label_after_or_equal_origin
Evening shift,Iso-Recycle,Tehran,1399/03/10,25730,1399/03/11,25730,196,FALSE,0,zero_raw_difference,1,FALSE,1399,3,10,1399,3,11,valid_yyyy_mm_dd_components,destination_label_after_or_equal_origin
Evening shift,VB,Tehran,1399/03/10,23900,1399/03/11,23840,197,FALSE,-60,negative_raw_difference,1,FALSE,1399,3,10,1399,3,11,valid_yyyy_mm_dd_components,destination_label_after_or_equal_origin
Evening shift,VB,Tehran,1399/03/09,24410,1399/03/11,24340,198,FALSE,-70,negative_raw_difference,1,FALSE,1399,3,9,1399,3,11,valid_yyyy_mm_dd_components,destination_label_after_or_equal_origin
Evening shift,VB,Tehran,1399/03/09,24150,1399/03/11,24090,199,FALSE,-60,negative_raw_difference,1,FALSE,1399,3,9,1399,3,11,valid_yyyy_mm_dd_components,destination_label_after_or_equal_origin
Evening shift,Iso-Recycle,Tehran,1399/03/10,26510,1399/03/11,26480,200,FALSE,-30,negative_raw_difference,1,FALSE,1399,3,10,1399,3,11,valid_yyyy_mm_dd_components,destination_label_after_or_equal_origin
Day shift,VB,Tehran,1399/03/10,24600,1399/03/12,24610,201,FALSE,10,positive_raw_difference,1,FALSE,1399,3,10,1399,3,12,valid_yyyy_mm_dd_components,destination_label_after_or_equal_origin
Day shift,VB,Tehran,1399/03/10,24680,1399/03/12,24670,202,FALSE,-10,negative_raw_difference,1,FALSE,1399,3,10,1399,3,12,valid_yyyy_mm_dd_components,destination_label_after_or_equal_origin
Evening shift,Iso-Recycle,Tehran,1399/03/10,25550,1399/03/12,25480,203,FALSE,-70,negative_raw_difference,1,FALSE,1399,3,10,1399,3,12,valid_yyyy_mm_dd_components,destination_label_after_or_equal_origin
Evening shift,VB,Tehran,1399/03/10,23710,1399/03/12,23640,204,FALSE,-70,negative_raw_difference,1,FALSE,1399,3,10,1399,3,12,valid_yyyy_mm_dd_components,destination_label_after_or_equal_origin
Night shift,C5+,Pars Petrochemical,1399/03/12,22570,1399/03/12,22610,205,FALSE,40,positive_raw_difference,1,FALSE,1399,3,12,1399,3,12,valid_yyyy_mm_dd_components,destination_label_after_or_equal_origin
Night shift,VB,Tehran,1399/03/09,22580,1399/03/12,22520,206,FALSE,-60,negative_raw_difference,1,FALSE,1399,3,9,1399,3,12,valid_yyyy_mm_dd_components,destination_label_after_or_equal_origin
Night shift,VB,Tehran,1399/03/11,25030,1399/03/13,25030,207,FALSE,0,zero_raw_difference,1,FALSE,1399,3,11,1399,3,13,valid_yyyy_mm_dd_components,destination_label_after_or_equal_origin
Night shift,Iso-Recycle,Tehran,1399/03/11,26640,1399/03/13,26620,208,FALSE,-20,negative_raw_difference,1,FALSE,1399,3,11,1399,3,13,valid_yyyy_mm_dd_components,destination_label_after_or_equal_origin
Evening shift,VB,Tehran,1399/03/11,25120,1399/03/13,25020,209,FALSE,-100,negative_raw_difference,1,FALSE,1399,3,11,1399,3,13,valid_yyyy_mm_dd_components,destination_label_after_or_equal_origin
Night shift,C5+,Pars Petrochemical,1399/03/13,22460,1399/03/13,22420,210,FALSE,-40,negative_raw_difference,1,FALSE,1399,3,13,1399,3,13,valid_yyyy_mm_dd_components,destination_label_after_or_equal_origin
Night shift,Condensate,South Pars,1399/03/13,22734,1399/03/14,22980,211,FALSE,246,positive_raw_difference,1,FALSE,1399,3,13,1399,3,14,valid_yyyy_mm_dd_components,destination_label_after_or_equal_origin
Night shift,Condensate,South Pars,1399/03/13,23010,1399/03/14,22620,212,FALSE,-390,negative_raw_difference,1,FALSE,1399,3,13,1399,3,14,valid_yyyy_mm_dd_components,destination_label_after_or_equal_origin
Night shift,C5+,Pars Petrochemical,1399/03/13,21620,1399/03/13,21660,213,FALSE,40,positive_raw_difference,1,FALSE,1399,3,13,1399,3,13,valid_yyyy_mm_dd_components,destination_label_after_or_equal_origin
Day shift,C5+,Pars Petrochemical,1399/03/13,22560,1399/03/14,22430,214,FALSE,-130,negative_raw_difference,1,FALSE,1399,3,13,1399,3,14,valid_yyyy_mm_dd_components,destination_label_after_or_equal_origin
Day shift,Condensate,South Pars,1399/03/13,22788,1399/03/14,22560,215,FALSE,-228,negative_raw_difference,1,FALSE,1399,3,13,1399,3,14,valid_yyyy_mm_dd_components,destination_label_after_or_equal_origin
Day shift,VB,Tehran,1399/03/12,23920,1399/03/14,23890,216,FALSE,-30,negative_raw_difference,1,FALSE,1399,3,12,1399,3,14,valid_yyyy_mm_dd_components,destination_label_after_or_equal_origin
Day shift,VB,Tehran,1399/03/12,24210,1399/03/14,24200,217,FALSE,-10,negative_raw_difference,1,FALSE,1399,3,12,1399,3,14,valid_yyyy_mm_dd_components,destination_label_after_or_equal_origin
Evening shift,VB,Tehran,1399/03/13,22840,1399/03/14,22780,218,FALSE,-60,negative_raw_difference,1,FALSE,1399,3,13,1399,3,14,valid_yyyy_mm_dd_components,destination_label_after_or_equal_origin
Evening shift,C5+,Pars Petrochemical,1399/03/13,22720,1399/03/14,22640,219,FALSE,-80,negative_raw_difference,1,FALSE,1399,3,13,1399,3,14,valid_yyyy_mm_dd_components,destination_label_after_or_equal_origin
Night shift,VB,Tehran,1399/03/13,25880,1399/03/14,25870,220,FALSE,-10,negative_raw_difference,1,FALSE,1399,3,13,1399,3,14,valid_yyyy_mm_dd_components,destination_label_after_or_equal_origin
Night shift,C5+,Pars Petrochemical,1399/03/14,22260,1399/03/14,22300,221,FALSE,40,positive_raw_difference,1,FALSE,1399,3,14,1399,3,14,valid_yyyy_mm_dd_components,destination_label_after_or_equal_origin
Night shift,Condensate,South Pars,1399/03/14,22738,1399/03/15,22840,222,FALSE,102,positive_raw_difference,1,FALSE,1399,3,14,1399,3,15,valid_yyyy_mm_dd_components,destination_label_after_or_equal_origin
Day shift,C5+,Pars Petrochemical,1399/03/14,24110,1399/03/15,24000,223,FALSE,-110,negative_raw_difference,1,FALSE,1399,3,14,1399,3,15,valid_yyyy_mm_dd_components,destination_label_after_or_equal_origin
Evening shift,C5+,Pars Petrochemical,1399/03/14,21460,1399/03/15,21390,224,FALSE,-70,negative_raw_difference,1,FALSE,1399,3,14,1399,3,15,valid_yyyy_mm_dd_components,destination_label_after_or_equal_origin
Evening shift,Condensate,South Pars,1399/03/14,25245,1399/03/15,25160,225,FALSE,-85,negative_raw_difference,1,FALSE,1399,3,14,1399,3,15,valid_yyyy_mm_dd_components,destination_label_after_or_equal_origin
Evening shift,VB,Tehran,1399/03/14,24940,1399/03/15,24910,226,FALSE,-30,negative_raw_difference,1,FALSE,1399,3,14,1399,3,15,valid_yyyy_mm_dd_components,destination_label_after_or_equal_origin
Night shift,C5+,Pars Petrochemical,1399/03/14,21460,1399/03/15,21500,227,FALSE,40,positive_raw_difference,1,FALSE,1399,3,14,1399,3,15,valid_yyyy_mm_dd_components,destination_label_after_or_equal_origin
Night shift,VB,Tehran,1399/03/13,26840,1399/03/15,26760,228,FALSE,-80,negative_raw_difference,1,FALSE,1399,3,13,1399,3,15,valid_yyyy_mm_dd_components,destination_label_after_or_equal_origin
Night shift,VB,Tehran,1399/03/13,26120,1399/03/16,26050,229,FALSE,-70,negative_raw_difference,1,FALSE,1399,3,13,1399,3,16,valid_yyyy_mm_dd_components,destination_label_after_or_equal_origin
Night shift,C5+,Pars Petrochemical,1399/03/14,22260,1399/03/16,22200,230,FALSE,-60,negative_raw_difference,1,FALSE,1399,3,14,1399,3,16,valid_yyyy_mm_dd_components,destination_label_after_or_equal_origin
Night shift,VB,Tehran,1399/03/14,25515,1399/03/16,25500,231,FALSE,-15,negative_raw_difference,1,FALSE,1399,3,14,1399,3,16,valid_yyyy_mm_dd_components,destination_label_after_or_equal_origin
Night shift,VB,Tehran,1399/03/14,26525,1399/03/16,26510,232,FALSE,-15,negative_raw_difference,1,FALSE,1399,3,14,1399,3,16,valid_yyyy_mm_dd_components,destination_label_after_or_equal_origin
Day shift,C5+,Pars Petrochemical,1399/03/15,22720,1399/03/16,22680,233,FALSE,-40,negative_raw_difference,1,FALSE,1399,3,15,1399,3,16,valid_yyyy_mm_dd_components,destination_label_after_or_equal_origin
Day shift,VB,Tehran,1399/03/14,24140,1399/03/16,24110,234,FALSE,-30,negative_raw_difference,1,FALSE,1399,3,14,1399,3,16,valid_yyyy_mm_dd_components,destination_label_after_or_equal_origin
Day shift,VB,Tehran,1399/03/14,26455,1399/03/16,26420,235,FALSE,-35,negative_raw_difference,1,FALSE,1399,3,14,1399,3,16,valid_yyyy_mm_dd_components,destination_label_after_or_equal_origin
Evening shift,C5+,Pars Petrochemical,1399/03/15,21440,1399/03/16,21380,236,FALSE,-60,negative_raw_difference,1,FALSE,1399,3,15,1399,3,16,valid_yyyy_mm_dd_components,destination_label_after_or_equal_origin
Night shift,VB,Tehran,1399/03/15,25080,1399/03/17,25030,237,FALSE,-50,negative_raw_difference,1,FALSE,1399,3,15,1399,3,17,valid_yyyy_mm_dd_components,destination_label_after_or_equal_origin
Night shift,VB,Tehran,1399/03/15,23635,1399/03/17,23600,238,FALSE,-35,negative_raw_difference,1,FALSE,1399,3,15,1399,3,17,valid_yyyy_mm_dd_components,destination_label_after_or_equal_origin
Day shift,C5+,Pars Petrochemical,1399/03/15,22100,1399/03/15,22020,239,FALSE,-80,negative_raw_difference,1,FALSE,1399,3,15,1399,3,15,valid_yyyy_mm_dd_components,destination_label_after_or_equal_origin
Evening shift,C5+,Pars Petrochemical,1399/03/15,22310,1399/03/15,22240,240,FALSE,-70,negative_raw_difference,1,FALSE,1399,3,15,1399,3,15,valid_yyyy_mm_dd_components,destination_label_after_or_equal_origin
Evening shift,C5+,Pars Petrochemical,1399/03/15,22360,1399/03/16,22400,241,FALSE,40,positive_raw_difference,1,FALSE,1399,3,15,1399,3,16,valid_yyyy_mm_dd_components,destination_label_after_or_equal_origin
Evening shift,C5+,Pars Petrochemical,1399/03/15,22240,1399/03/16,22420,242,FALSE,180,positive_raw_difference,1,FALSE,1399,3,15,1399,3,16,valid_yyyy_mm_dd_components,destination_label_after_or_equal_origin
Night shift,C5+,Pars Petrochemical,1399/03/16,22450,1399/03/16,22470,243,FALSE,20,positive_raw_difference,1,FALSE,1399,3,16,1399,3,16,valid_yyyy_mm_dd_components,destination_label_after_or_equal_origin
Night shift,C5+,Pars Petrochemical,1399/03/16,21990,1399/03/16,21950,244,FALSE,-40,negative_raw_difference,1,FALSE,1399,3,16,1399,3,16,valid_yyyy_mm_dd_components,destination_label_after_or_equal_origin
Night shift,C5+,Pars Petrochemical,1399/03/16,21420,1399/03/17,21310,245,FALSE,-110,negative_raw_difference,1,FALSE,1399,3,16,1399,3,17,valid_yyyy_mm_dd_components,destination_label_after_or_equal_origin
Day shift,C5+,Pars Petrochemical,1399/03/16,22180,1399/03/17,22210,246,FALSE,30,positive_raw_difference,1,FALSE,1399,3,16,1399,3,17,valid_yyyy_mm_dd_components,destination_label_after_or_equal_origin
Day shift,C5+,Pars Petrochemical,1399/03/16,22620,1399/03/17,22570,247,FALSE,-50,negative_raw_difference,1,FALSE,1399,3,16,1399,3,17,valid_yyyy_mm_dd_components,destination_label_after_or_equal_origin
Day shift,C5+,Pars Petrochemical,1399/03/17,21980,1399/03/17,22010,248,FALSE,30,positive_raw_difference,1,FALSE,1399,3,17,1399,3,17,valid_yyyy_mm_dd_components,destination_label_after_or_equal_origin
Day shift,VB,Tehran,1399/03/15,24340,1399/03/18,24290,249,FALSE,-50,negative_raw_difference,1,FALSE,1399,3,15,1399,3,18,valid_yyyy_mm_dd_components,destination_label_after_or_equal_origin
Day shift,VB,Tehran,1399/03/15,23175,1399/03/18,23090,250,FALSE,-85,negative_raw_difference,1,FALSE,1399,3,15,1399,3,18,valid_yyyy_mm_dd_components,destination_label_after_or_equal_origin
Evening shift,C5+,Pars Petrochemical,1399/03/17,22300,1399/03/17,22360,251,FALSE,60,positive_raw_difference,1,FALSE,1399,3,17,1399,3,17,valid_yyyy_mm_dd_components,destination_label_after_or_equal_origin
Evening shift,C5+,Pars Petrochemical,1399/03/17,22700,1399/03/18,22650,252,FALSE,-50,negative_raw_difference,1,FALSE,1399,3,17,1399,3,18,valid_yyyy_mm_dd_components,destination_label_after_or_equal_origin
Evening shift,Condensate,South Pars,1399/03/17,23085,1399/03/18,22880,253,FALSE,-205,negative_raw_difference,1,FALSE,1399,3,17,1399,3,18,valid_yyyy_mm_dd_components,destination_label_after_or_equal_origin
Evening shift,C5+,Pars Petrochemical,1399/03/17,21870,1399/03/18,21870,254,FALSE,0,zero_raw_difference,1,FALSE,1399,3,17,1399,3,18,valid_yyyy_mm_dd_components,destination_label_after_or_equal_origin
Evening shift,Iso-Recycle,Tehran,1399/03/12,26200,1399/03/18,26170,255,FALSE,-30,negative_raw_difference,1,FALSE,1399,3,12,1399,3,18,valid_yyyy_mm_dd_components,destination_label_after_or_equal_origin
Evening shift,C5+,Pars Petrochemical,1399/03/18,22120,1399/03/19,22010,256,FALSE,-110,negative_raw_difference,1,FALSE,1399,3,18,1399,3,19,valid_yyyy_mm_dd_components,destination_label_after_or_equal_origin
Evening shift,C5+,Pars Petrochemical,1399/03/19,22110,1399/03/19,22070,257,FALSE,-40,negative_raw_difference,1,FALSE,1399,3,19,1399,3,19,valid_yyyy_mm_dd_components,destination_label_after_or_equal_origin
Evening shift,C5+,Pars Petrochemical,1399/03/19,21450,1399/03/19,21420,258,FALSE,-30,negative_raw_difference,1,FALSE,1399,3,19,1399,3,19,valid_yyyy_mm_dd_components,destination_label_after_or_equal_origin
Night shift,Condensate,South Pars,1399/03/19,20675,1399/03/19,20790,259,FALSE,115,positive_raw_difference,1,FALSE,1399,3,19,1399,3,19,valid_yyyy_mm_dd_components,destination_label_after_or_equal_origin
Day shift,Condensate,South Pars,1399/03/19,22717,1399/03/20,22660,260,FALSE,-57,negative_raw_difference,1,FALSE,1399,3,19,1399,3,20,valid_yyyy_mm_dd_components,destination_label_after_or_equal_origin
Evening shift,Condensate,South Pars,1399/03/19,22696,1399/03/20,22670,261,FALSE,-26,negative_raw_difference,1,FALSE,1399,3,19,1399,3,20,valid_yyyy_mm_dd_components,destination_label_after_or_equal_origin
Evening shift,Condensate,South Pars,1399/03/19,22692,1399/03/20,22690,262,FALSE,-2,negative_raw_difference,1,FALSE,1399,3,19,1399,3,20,valid_yyyy_mm_dd_components,destination_label_after_or_equal_origin
Evening shift,Condensate,South Pars,1399/03/19,22748,1399/03/20,22670,263,FALSE,-78,negative_raw_difference,1,FALSE,1399,3,19,1399,3,20,valid_yyyy_mm_dd_components,destination_label_after_or_equal_origin
Evening shift,Condensate,South Pars,1399/03/19,20574,1399/03/20,20430,264,FALSE,-144,negative_raw_difference,1,FALSE,1399,3,19,1399,3,20,valid_yyyy_mm_dd_components,destination_label_after_or_equal_origin
Evening shift,Condensate,South Pars,1399/03/20,22665,1399/03/20,22550,265,FALSE,-115,negative_raw_difference,1,FALSE,1399,3,20,1399,3,20,valid_yyyy_mm_dd_components,destination_label_after_or_equal_origin
