reference_role,entity_id,entity_id_missing,pipeline_reference_records,matched_to_all_entities
immediate_project_owner,E100000003733,FALSE,858,TRUE
immediate_project_owner,E100001015277,FALSE,840,TRUE
immediate_project_owner,E100001014432,FALSE,394,TRUE
immediate_project_owner,E100001014294,FALSE,317,TRUE
immediate_project_owner,E100001014325,FALSE,304,TRUE
immediate_project_owner,E100000132388,FALSE,235,TRUE
immediate_project_owner,E100001015522,FALSE,209,TRUE
immediate_project_owner,E100000000112,FALSE,200,TRUE
immediate_project_owner,E100001015656,FALSE,180,TRUE
immediate_project_owner,E100000000505,FALSE,174,TRUE
immediate_project_owner,E100000000556,FALSE,168,TRUE
immediate_project_owner,E100001015713,FALSE,154,TRUE
immediate_project_owner,E100001015045,FALSE,146,TRUE
immediate_project_owner,E100000004373,FALSE,144,TRUE
immediate_project_owner,E100002001363,FALSE,144,TRUE
immediate_project_owner,E100001015202,FALSE,139,TRUE
immediate_project_owner,E100000001492,FALSE,138,TRUE
immediate_project_owner,E100001000322,FALSE,138,TRUE
immediate_project_owner,E100001015944,FALSE,123,TRUE
immediate_project_owner,E100000000610,FALSE,120,TRUE
immediate_project_owner,E100001016009,FALSE,120,TRUE
immediate_project_owner,E100001014282,FALSE,110,TRUE
immediate_project_owner,E100001015251,FALSE,104,TRUE
immediate_project_owner,E100001015373,FALSE,104,TRUE
immediate_project_owner,E100001014209,FALSE,102,TRUE
immediate_project_owner,E100000001179,FALSE,99,TRUE
immediate_project_owner,E100000152472,FALSE,96,TRUE
immediate_project_owner,E100001015971,FALSE,96,TRUE
immediate_project_owner,E100000001213,FALSE,92,TRUE
immediate_project_owner,E100001014393,FALSE,89,TRUE
immediate_project_owner,E100001014455,FALSE,84,TRUE
immediate_project_owner,E100001014626,FALSE,82,TRUE
immediate_project_owner,E100001014222,FALSE,78,TRUE
immediate_project_owner,E100001015268,FALSE,78,TRUE
immediate_project_owner,E100000000865,FALSE,77,TRUE
immediate_project_owner,E100001016057,FALSE,75,TRUE
immediate_project_owner,E100000000084,FALSE,72,TRUE
immediate_project_owner,E100000000874,FALSE,72,TRUE
immediate_project_owner,E100000000003,FALSE,70,TRUE
immediate_project_owner,E100000000571,FALSE,70,TRUE
immediate_project_owner,E100000001860,FALSE,66,TRUE
immediate_project_owner,E100000001079,FALSE,64,TRUE
immediate_project_owner,E100001015770,FALSE,64,TRUE
immediate_project_owner,E100002008094,FALSE,63,TRUE
immediate_project_owner,E100001011247,FALSE,61,TRUE
immediate_project_owner,E100000000136,FALSE,60,TRUE
immediate_project_owner,E100001015278,FALSE,60,TRUE
immediate_project_owner,E100001015372,FALSE,58,TRUE
immediate_project_owner,E100001015564,FALSE,58,TRUE
immediate_project_owner,E100001015356,FALSE,56,TRUE
immediate_project_owner,E100000001332,FALSE,52,TRUE
immediate_project_owner,E100001015054,FALSE,51,TRUE
immediate_project_owner,E100001015368,FALSE,51,TRUE
immediate_project_owner,E100001015108,FALSE,50,TRUE
immediate_project_owner,E100000152934,FALSE,49,TRUE
immediate_project_owner,E100001015850,FALSE,49,TRUE
immediate_project_owner,E100001014382,FALSE,48,TRUE
immediate_project_owner,E100001014623,FALSE,48,TRUE
immediate_project_owner,E100002004313,FALSE,48,TRUE
immediate_project_owner,E100002004362,FALSE,48,TRUE
immediate_project_owner,E100000000387,FALSE,46,TRUE
immediate_project_owner,E100001014283,FALSE,46,TRUE
immediate_project_owner,E100001014324,FALSE,45,TRUE
immediate_project_owner,E100001014581,FALSE,45,TRUE
immediate_project_owner,E100001015993,FALSE,44,TRUE
immediate_project_owner,E100001014526,FALSE,42,TRUE
immediate_project_owner,E100001015820,FALSE,42,TRUE
immediate_project_owner,E100001014764,FALSE,40,TRUE
immediate_project_owner,E100001016100,FALSE,39,TRUE
immediate_project_owner,E100001015599,FALSE,38,TRUE
immediate_project_owner,E100000001918,FALSE,36,TRUE
immediate_project_owner,E100001015385,FALSE,36,TRUE
immediate_project_owner,E100001014604,FALSE,35,TRUE
immediate_project_owner,E100001016002,FALSE,34,TRUE
immediate_project_owner,E100000000013,FALSE,33,TRUE
immediate_project_owner,E100000000839,FALSE,33,TRUE
immediate_project_owner,E100001015404,FALSE,33,TRUE
immediate_project_owner,E100000000034,FALSE,32,TRUE
immediate_project_owner,E100000001270,FALSE,32,TRUE
immediate_project_owner,E100001014556,FALSE,32,TRUE
immediate_project_owner,E100001016065,FALSE,32,TRUE
immediate_project_owner,E100002007876,FALSE,32,TRUE
immediate_project_owner,E100001011267,FALSE,31,TRUE
immediate_project_owner,E100000000720,FALSE,30,TRUE
immediate_project_owner,E100001011300,FALSE,30,TRUE
immediate_project_owner,E100001014293,FALSE,30,TRUE
immediate_project_owner,E100001014398,FALSE,30,TRUE
immediate_project_owner,E100001016058,FALSE,30,TRUE
immediate_project_owner,E100000000245,FALSE,28,TRUE
immediate_project_owner,E100001015128,FALSE,28,TRUE
immediate_project_owner,E100000000027,FALSE,27,TRUE
immediate_project_owner,E100001015312,FALSE,27,TRUE
immediate_project_owner,E100001015939,FALSE,27,TRUE
immediate_project_owner,E100001016003,FALSE,27,TRUE
immediate_project_owner,E100000000645,FALSE,26,TRUE
immediate_project_owner,E100001014132,FALSE,26,TRUE
immediate_project_owner,E100002004498,FALSE,26,TRUE
immediate_project_owner,E100000000980,FALSE,25,TRUE
immediate_project_owner,E100000001321,FALSE,25,TRUE
immediate_project_owner,E100001014864,FALSE,25,TRUE
immediate_project_owner,E100000000127,FALSE,24,TRUE
immediate_project_owner,E100000000758,FALSE,24,TRUE
immediate_project_owner,E100000001075,FALSE,24,TRUE
immediate_project_owner,E100001014361,FALSE,24,TRUE
immediate_project_owner,E100001014367,FALSE,24,TRUE
immediate_project_owner,E100001015204,FALSE,24,TRUE
immediate_project_owner,E100001015413,FALSE,24,TRUE
immediate_project_owner,E100001015668,FALSE,24,TRUE
immediate_project_owner,E100001015672,FALSE,24,TRUE
immediate_project_owner,E100001015878,FALSE,24,TRUE
immediate_project_owner,E100001015882,FALSE,24,TRUE
immediate_project_owner,E100001016027,FALSE,24,TRUE
immediate_project_owner,E100002004277,FALSE,24,TRUE
immediate_project_owner,E100002008089,FALSE,24,TRUE
immediate_project_owner,E100000001282,FALSE,23,TRUE
immediate_project_owner,E100000137427,FALSE,23,TRUE
immediate_project_owner,E100000180733,FALSE,23,TRUE
immediate_project_owner,E100000000015,FALSE,22,TRUE
immediate_project_owner,E100001014067,FALSE,22,TRUE
immediate_project_owner,E100001014266,FALSE,22,TRUE
immediate_project_owner,E100001014703,FALSE,22,TRUE
immediate_project_owner,E100001015883,FALSE,22,TRUE
immediate_project_owner,E100001015948,FALSE,22,TRUE
immediate_project_owner,E100001016013,FALSE,22,TRUE
immediate_project_owner,E100002001364,FALSE,22,TRUE
immediate_project_owner,E100000001917,FALSE,21,TRUE
immediate_project_owner,E100001014300,FALSE,21,TRUE
immediate_project_owner,E100001015405,FALSE,21,TRUE
immediate_project_owner,E100002008085,FALSE,21,TRUE
immediate_project_owner,E100000000746,FALSE,20,TRUE
immediate_project_owner,E100001014529,FALSE,19,TRUE
immediate_project_owner,E100000000135,FALSE,18,TRUE
immediate_project_owner,E100000000524,FALSE,18,TRUE
immediate_project_owner,E100000001764,FALSE,17,TRUE
immediate_project_owner,E100001016077,FALSE,17,TRUE
immediate_project_owner,E100000000669,FALSE,16,TRUE
immediate_project_owner,E100001000348,FALSE,16,TRUE
immediate_project_owner,E100001014097,FALSE,16,TRUE
immediate_project_owner,E100001014603,FALSE,16,TRUE
immediate_project_owner,E100001015340,FALSE,16,TRUE
immediate_project_owner,E100001015388,FALSE,16,TRUE
immediate_project_owner,E100000000523,FALSE,15,TRUE
immediate_project_owner,E100001014431,FALSE,15,TRUE
immediate_project_owner,E100001015923,FALSE,15,TRUE
immediate_project_owner,E100002004332,FALSE,15,TRUE
immediate_project_owner,E100000000771,FALSE,14,TRUE
immediate_project_owner,E100000000846,FALSE,14,TRUE
immediate_project_owner,E100000001245,FALSE,14,TRUE
immediate_project_owner,E100001010998,FALSE,14,TRUE
immediate_project_owner,E100001014099,FALSE,14,TRUE
immediate_project_owner,E100001014128,FALSE,14,TRUE
immediate_project_owner,E100001014571,FALSE,14,TRUE
immediate_project_owner,E100001014605,FALSE,14,TRUE
immediate_project_owner,E100001015984,FALSE,14,TRUE
immediate_project_owner,E100002005155,FALSE,14,TRUE
immediate_project_owner,E100000000118,FALSE,13,TRUE
immediate_project_owner,E100001014343,FALSE,13,TRUE
immediate_project_owner,E100001014482,FALSE,13,TRUE
immediate_project_owner,E100001014627,FALSE,13,TRUE
immediate_project_owner,E100001014649,FALSE,13,TRUE
immediate_project_owner,E100000000869,FALSE,12,TRUE
immediate_project_owner,E100000001096,FALSE,12,TRUE
immediate_project_owner,E100000001193,FALSE,12,TRUE
immediate_project_owner,E100000126880,FALSE,12,TRUE
immediate_project_owner,E100001012563,FALSE,12,TRUE
immediate_project_owner,E100001014203,FALSE,12,TRUE
immediate_project_owner,E100001014305,FALSE,12,TRUE
immediate_project_owner,E100001014345,FALSE,12,TRUE
immediate_project_owner,E100001014438,FALSE,12,TRUE
immediate_project_owner,E100001014646,FALSE,12,TRUE
immediate_project_owner,E100001014841,FALSE,12,TRUE
immediate_project_owner,E100001014854,FALSE,12,TRUE
immediate_project_owner,E100000000781,FALSE,11,TRUE
immediate_project_owner,E100000149640,FALSE,11,TRUE
immediate_project_owner,E100001014362,FALSE,11,TRUE
immediate_project_owner,E100001014523,FALSE,11,TRUE
immediate_project_owner,E100001014873,FALSE,11,TRUE
immediate_project_owner,E100001015281,FALSE,11,TRUE
immediate_project_owner,E100001015579,FALSE,11,TRUE
immediate_project_owner,E100001015806,FALSE,11,TRUE
immediate_project_owner,E100000002139,FALSE,10,TRUE
immediate_project_owner,E100001014399,FALSE,10,TRUE
immediate_project_owner,E100001014539,FALSE,10,TRUE
immediate_project_owner,E100001014673,FALSE,10,TRUE
immediate_project_owner,E100001014879,FALSE,10,TRUE
immediate_project_owner,E100001015112,FALSE,10,TRUE
immediate_project_owner,E100001015113,FALSE,10,TRUE
immediate_project_owner,E100001015374,FALSE,10,TRUE
immediate_project_owner,E100001015808,FALSE,10,TRUE
immediate_project_owner,E100001015855,FALSE,10,TRUE
immediate_project_owner,E100002010851,FALSE,10,TRUE
immediate_project_owner,E100000002892,FALSE,9,TRUE
immediate_project_owner,E100001010516,FALSE,9,TRUE
immediate_project_owner,E100001014572,FALSE,9,TRUE
immediate_project_owner,E100001014875,FALSE,9,TRUE
immediate_project_owner,E100001015053,FALSE,9,TRUE
immediate_project_owner,E100001015667,FALSE,9,TRUE
immediate_project_owner,E100002004327,FALSE,9,TRUE
immediate_project_owner,E100002004494,FALSE,9,TRUE
immediate_project_owner,E100000000509,FALSE,8,TRUE
immediate_project_owner,E100000000513,FALSE,8,TRUE
immediate_project_owner,E100000001246,FALSE,8,TRUE
immediate_project_owner,E100000001916,FALSE,8,TRUE
immediate_project_owner,E100000002166,FALSE,8,TRUE
immediate_project_owner,E100000153028,FALSE,8,TRUE
immediate_project_owner,E100001011945,FALSE,8,TRUE
immediate_project_owner,E100001014373,FALSE,8,TRUE
immediate_project_owner,E100001014423,FALSE,8,TRUE
immediate_project_owner,E100001014616,FALSE,8,TRUE
immediate_project_owner,E100001014692,FALSE,8,TRUE
immediate_project_owner,E100001015210,FALSE,8,TRUE
immediate_project_owner,E100001015211,FALSE,8,TRUE
immediate_project_owner,E100001015288,FALSE,8,TRUE
immediate_project_owner,E100001015289,FALSE,8,TRUE
immediate_project_owner,E100001015434,FALSE,8,TRUE
immediate_project_owner,E100001015596,FALSE,8,TRUE
immediate_project_owner,E100001015662,FALSE,8,TRUE
immediate_project_owner,E100001015693,FALSE,8,TRUE
immediate_project_owner,E100001015838,FALSE,8,TRUE
immediate_project_owner,E100001015858,FALSE,8,TRUE
immediate_project_owner,E100001015865,FALSE,8,TRUE
immediate_project_owner,E100001015869,FALSE,8,TRUE
immediate_project_owner,E100001015912,FALSE,8,TRUE
immediate_project_owner,E100002001297,FALSE,8,TRUE
immediate_project_owner,E100002004063,FALSE,8,TRUE
immediate_project_owner,E100002004319,FALSE,8,TRUE
immediate_project_owner,E100002004459,FALSE,8,TRUE
immediate_project_owner,E100000000019,FALSE,7,TRUE
immediate_project_owner,E100000000975,FALSE,7,TRUE
immediate_project_owner,E100000121263,FALSE,7,TRUE
immediate_project_owner,E100000122509,FALSE,7,TRUE
immediate_project_owner,E100001014264,FALSE,7,TRUE
immediate_project_owner,E100001014421,FALSE,7,TRUE
immediate_project_owner,E100001014436,FALSE,7,TRUE
immediate_project_owner,E100001014712,FALSE,7,TRUE
immediate_project_owner,E100001014728,FALSE,7,TRUE
immediate_project_owner,E100001015011,FALSE,7,TRUE
immediate_project_owner,E100001015260,FALSE,7,TRUE
immediate_project_owner,E100001015282,FALSE,7,TRUE
immediate_project_owner,E100001015839,FALSE,7,TRUE
immediate_project_owner,E100001015844,FALSE,7,TRUE
immediate_project_owner,E100000000587,FALSE,6,TRUE
immediate_project_owner,E100000001078,FALSE,6,TRUE
immediate_project_owner,E100000001607,FALSE,6,TRUE
immediate_project_owner,E100000126529,FALSE,6,TRUE
immediate_project_owner,E100001014062,FALSE,6,TRUE
immediate_project_owner,E100001014104,FALSE,6,TRUE
immediate_project_owner,E100001014253,FALSE,6,TRUE
immediate_project_owner,E100001014277,FALSE,6,TRUE
immediate_project_owner,E100001014364,FALSE,6,TRUE
immediate_project_owner,E100001014499,FALSE,6,TRUE
immediate_project_owner,E100001014501,FALSE,6,TRUE
immediate_project_owner,E100001014683,FALSE,6,TRUE
immediate_project_owner,E100001015012,FALSE,6,TRUE
immediate_project_owner,E100001015190,FALSE,6,TRUE
immediate_project_owner,E100001015257,FALSE,6,TRUE
immediate_project_owner,E100001015294,FALSE,6,TRUE
immediate_project_owner,E100001015384,FALSE,6,TRUE
immediate_project_owner,E100001015877,FALSE,6,TRUE
immediate_project_owner,E100001015911,FALSE,6,TRUE
immediate_project_owner,E100001015918,FALSE,6,TRUE
immediate_project_owner,E100001015998,FALSE,6,TRUE
immediate_project_owner,E100001016079,FALSE,6,TRUE
immediate_project_owner,E100002001388,FALSE,6,TRUE
immediate_project_owner,E100002004375,FALSE,6,TRUE
immediate_project_owner,E100002004383,FALSE,6,TRUE
immediate_project_owner,E100002004418,FALSE,6,TRUE
immediate_project_owner,E100002004435,FALSE,6,TRUE
immediate_project_owner,E100002004536,FALSE,6,TRUE
immediate_project_owner,E100000000533,FALSE,5,TRUE
immediate_project_owner,E100000000766,FALSE,5,TRUE
immediate_project_owner,E100000001247,FALSE,5,TRUE
immediate_project_owner,E100000001595,FALSE,5,TRUE
immediate_project_owner,E100000004202,FALSE,5,TRUE
immediate_project_owner,E100000149136,FALSE,5,TRUE
immediate_project_owner,E100001014154,FALSE,5,TRUE
immediate_project_owner,E100001014354,FALSE,5,TRUE
immediate_project_owner,E100001014357,FALSE,5,TRUE
immediate_project_owner,E100001014500,FALSE,5,TRUE
immediate_project_owner,E100001015327,FALSE,5,TRUE
immediate_project_owner,E100001015381,FALSE,5,TRUE
immediate_project_owner,E100001015576,FALSE,5,TRUE
immediate_project_owner,E100001015587,FALSE,5,TRUE
immediate_project_owner,E100001015636,FALSE,5,TRUE
immediate_project_owner,E100002001361,FALSE,5,TRUE
immediate_project_owner,E100002004416,FALSE,5,TRUE
immediate_project_owner,E100002008096,FALSE,5,TRUE
immediate_project_owner,E100000000329,FALSE,4,TRUE
immediate_project_owner,E100000000391,FALSE,4,TRUE
immediate_project_owner,E100000000538,FALSE,4,TRUE
immediate_project_owner,E100000001010,FALSE,4,TRUE
immediate_project_owner,E100000124313,FALSE,4,TRUE
immediate_project_owner,E100000133592,FALSE,4,TRUE
immediate_project_owner,E100001000370,FALSE,4,TRUE
immediate_project_owner,E100001014258,FALSE,4,TRUE
immediate_project_owner,E100001014273,FALSE,4,TRUE
immediate_project_owner,E100001014281,FALSE,4,TRUE
immediate_project_owner,E100001014401,FALSE,4,TRUE
immediate_project_owner,E100001014424,FALSE,4,TRUE
immediate_project_owner,E100001014582,FALSE,4,TRUE
immediate_project_owner,E100001014721,FALSE,4,TRUE
immediate_project_owner,E100001014866,FALSE,4,TRUE
immediate_project_owner,E100001015115,FALSE,4,TRUE
immediate_project_owner,E100001015203,FALSE,4,TRUE
immediate_project_owner,E100001015208,FALSE,4,TRUE
immediate_project_owner,E100001015355,FALSE,4,TRUE
immediate_project_owner,E100001015545,FALSE,4,TRUE
immediate_project_owner,E100001015571,FALSE,4,TRUE
immediate_project_owner,E100001015679,FALSE,4,TRUE
immediate_project_owner,E100001015721,FALSE,4,TRUE
immediate_project_owner,E100001015792,FALSE,4,TRUE
immediate_project_owner,E100001015933,FALSE,4,TRUE
immediate_project_owner,E100002004184,FALSE,4,TRUE
immediate_project_owner,E100002004369,FALSE,4,TRUE
immediate_project_owner,E100002004444,FALSE,4,TRUE
immediate_project_owner,E100002008077,FALSE,4,TRUE
immediate_project_owner,E100000000172,FALSE,3,TRUE
immediate_project_owner,E100000000173,FALSE,3,TRUE
immediate_project_owner,E100000000881,FALSE,3,TRUE
immediate_project_owner,E100000003650,FALSE,3,TRUE
immediate_project_owner,E100000120689,FALSE,3,TRUE
immediate_project_owner,E100001014136,FALSE,3,TRUE
immediate_project_owner,E100001014535,FALSE,3,TRUE
immediate_project_owner,E100001014670,FALSE,3,TRUE
immediate_project_owner,E100001015352,FALSE,3,TRUE
immediate_project_owner,E100001015370,FALSE,3,TRUE
immediate_project_owner,E100001015527,FALSE,3,TRUE
immediate_project_owner,E100001015606,FALSE,3,TRUE
immediate_project_owner,E100001015671,FALSE,3,TRUE
immediate_project_owner,E100001015875,FALSE,3,TRUE
immediate_project_owner,E100001015879,FALSE,3,TRUE
immediate_project_owner,E100001015894,FALSE,3,TRUE
immediate_project_owner,E100001015942,FALSE,3,TRUE
immediate_project_owner,E100001016016,FALSE,3,TRUE
immediate_project_owner,E100002008081,FALSE,3,TRUE
immediate_project_owner,E100002011705,FALSE,3,TRUE
immediate_project_owner,E100000000702,FALSE,2,TRUE
immediate_project_owner,E100000001354,FALSE,2,TRUE
immediate_project_owner,E100000001835,FALSE,2,TRUE
immediate_project_owner,E100000003600,FALSE,2,TRUE
immediate_project_owner,E100000004170,FALSE,2,TRUE
immediate_project_owner,E100000121514,FALSE,2,TRUE
immediate_project_owner,E100000124164,FALSE,2,TRUE
immediate_project_owner,E100000127540,FALSE,2,TRUE
immediate_project_owner,E100000136293,FALSE,2,TRUE
immediate_project_owner,E100001000257,FALSE,2,TRUE
immediate_project_owner,E100001013986,FALSE,2,TRUE
immediate_project_owner,E100001014013,FALSE,2,TRUE
immediate_project_owner,E100001014027,FALSE,2,TRUE
immediate_project_owner,E100001014065,FALSE,2,TRUE
immediate_project_owner,E100001014074,FALSE,2,TRUE
immediate_project_owner,E100001014298,FALSE,2,TRUE
immediate_project_owner,E100001014299,FALSE,2,TRUE
immediate_project_owner,E100001014502,FALSE,2,TRUE
immediate_project_owner,E100001014510,FALSE,2,TRUE
immediate_project_owner,E100001014521,FALSE,2,TRUE
immediate_project_owner,E100001014566,FALSE,2,TRUE
immediate_project_owner,E100001014669,FALSE,2,TRUE
immediate_project_owner,E100001014681,FALSE,2,TRUE
immediate_project_owner,E100001014690,FALSE,2,TRUE
immediate_project_owner,E100001014700,FALSE,2,TRUE
immediate_project_owner,E100001014704,FALSE,2,TRUE
immediate_project_owner,E100001014859,FALSE,2,TRUE
immediate_project_owner,E100001014871,FALSE,2,TRUE
immediate_project_owner,E100001014872,FALSE,2,TRUE
immediate_project_owner,E100001014947,FALSE,2,TRUE
immediate_project_owner,E100001014950,FALSE,2,TRUE
immediate_project_owner,E100001015106,FALSE,2,TRUE
immediate_project_owner,E100001015215,FALSE,2,TRUE
immediate_project_owner,E100001015326,FALSE,2,TRUE
immediate_project_owner,E100001015346,FALSE,2,TRUE
immediate_project_owner,E100001015428,FALSE,2,TRUE
immediate_project_owner,E100001015520,FALSE,2,TRUE
immediate_project_owner,E100001015567,FALSE,2,TRUE
immediate_project_owner,E100001015612,FALSE,2,TRUE
immediate_project_owner,E100001015617,FALSE,2,TRUE
immediate_project_owner,E100001015619,FALSE,2,TRUE
immediate_project_owner,E100001015645,FALSE,2,TRUE
immediate_project_owner,E100001015743,FALSE,2,TRUE
immediate_project_owner,E100001015829,FALSE,2,TRUE
immediate_project_owner,E100001015830,FALSE,2,TRUE
immediate_project_owner,E100001015849,FALSE,2,TRUE
immediate_project_owner,E100001015969,FALSE,2,TRUE
immediate_project_owner,E100001015999,FALSE,2,TRUE
immediate_project_owner,E100002001295,FALSE,2,TRUE
immediate_project_owner,E100002004331,FALSE,2,TRUE
immediate_project_owner,E100002004453,FALSE,2,TRUE
immediate_project_owner,E100000000694,FALSE,1,TRUE
immediate_project_owner,E100000000777,FALSE,1,TRUE
immediate_project_owner,E100000001254,FALSE,1,TRUE
immediate_project_owner,E100000121239,FALSE,1,TRUE
immediate_project_owner,E100000131640,FALSE,1,TRUE
immediate_project_owner,E100001000094,FALSE,1,TRUE
immediate_project_owner,E100001000197,FALSE,1,TRUE
immediate_project_owner,E100001000250,FALSE,1,TRUE
immediate_project_owner,E100001000616,FALSE,1,TRUE
immediate_project_owner,E100001011838,FALSE,1,TRUE
immediate_project_owner,E100001012038,FALSE,1,TRUE
immediate_project_owner,E100001014009,FALSE,1,TRUE
immediate_project_owner,E100001014153,FALSE,1,TRUE
immediate_project_owner,E100001014524,FALSE,1,TRUE
immediate_project_owner,E100001014641,FALSE,1,TRUE
immediate_project_owner,E100001014766,FALSE,1,TRUE
immediate_project_owner,E100001014876,FALSE,1,TRUE
immediate_project_owner,E100001014953,FALSE,1,TRUE
immediate_project_owner,E100001015009,FALSE,1,TRUE
immediate_project_owner,E100001015109,FALSE,1,TRUE
immediate_project_owner,E100001015120,FALSE,1,TRUE
immediate_project_owner,E100001015136,FALSE,1,TRUE
immediate_project_owner,E100001015357,FALSE,1,TRUE
immediate_project_owner,E100001015655,FALSE,1,TRUE
immediate_project_owner,E100001015717,FALSE,1,TRUE
immediate_project_owner,E100001015759,FALSE,1,TRUE
immediate_project_owner,E100001015860,FALSE,1,TRUE
immediate_project_owner,E100001015946,FALSE,1,TRUE
immediate_project_owner,E100002004326,FALSE,1,TRUE
parent_entity,E100001015587,FALSE,1055,TRUE
parent_entity,E100001010595,FALSE,401,TRUE
parent_entity,E100001000348,FALSE,397,TRUE
parent_entity,E100001015833,FALSE,397,TRUE
parent_entity,E100001010596,FALSE,321,TRUE
parent_entity,E100000123261,FALSE,301,TRUE
parent_entity,E100001000094,FALSE,301,TRUE
parent_entity,E100000132388,FALSE,288,TRUE
parent_entity,E100001014432,FALSE,194,TRUE
parent_entity,E100002001974,FALSE,152,TRUE
parent_entity,E100000000839,FALSE,117,TRUE
parent_entity,E100001014312,FALSE,114,TRUE
parent_entity,E100000001096,FALSE,111,TRUE
parent_entity,E100001000615,FALSE,111,TRUE
parent_entity,E100002007660,FALSE,111,TRUE
parent_entity,E100000121185,FALSE,110,TRUE
parent_entity,E100001000270,FALSE,110,TRUE
parent_entity,E100000000746,FALSE,108,TRUE
parent_entity,E100001013560,FALSE,97,TRUE
parent_entity,E100001016677,FALSE,97,TRUE
parent_entity,E100000000610,FALSE,96,TRUE
parent_entity,E100001015106,FALSE,95,TRUE
parent_entity,E100000000556,FALSE,85,TRUE
parent_entity,E100001014648,FALSE,83,TRUE
parent_entity,E100002021868,FALSE,83,TRUE
parent_entity,E100000000112,FALSE,82,TRUE
parent_entity,E100000136108,FALSE,78,TRUE
parent_entity,E100002007653,FALSE,76,TRUE
parent_entity,E100000000845,FALSE,73,TRUE
parent_entity,E100000000571,FALSE,70,TRUE
parent_entity,E100001000330,FALSE,70,TRUE
parent_entity,E100000000387,FALSE,69,TRUE
parent_entity,E100000000874,FALSE,69,TRUE
parent_entity,E100000001107,FALSE,69,TRUE
parent_entity,E100001015988,FALSE,69,TRUE
parent_entity,E100001015989,FALSE,69,TRUE
parent_entity,E100001015991,FALSE,69,TRUE
parent_entity,E100001015992,FALSE,69,TRUE
parent_entity,E100001016771,FALSE,69,TRUE
parent_entity,E100002000989,FALSE,69,TRUE
parent_entity,E100002004538,FALSE,69,TRUE
parent_entity,E100002004539,FALSE,69,TRUE
parent_entity,E100002016408,FALSE,69,TRUE
parent_entity,E100001014282,FALSE,65,TRUE
parent_entity,E100001014681,FALSE,65,TRUE
parent_entity,E100001014689,FALSE,65,TRUE
parent_entity,E100002019433,FALSE,65,TRUE
parent_entity,E100001015850,FALSE,64,TRUE
parent_entity,E100001015852,FALSE,64,TRUE
parent_entity,E100002022201,FALSE,64,TRUE
parent_entity,E100000000173,FALSE,62,TRUE
parent_entity,E100001014325,FALSE,57,TRUE
parent_entity,E100000001155,FALSE,56,TRUE
parent_entity,E100001000901,FALSE,55,TRUE
parent_entity,E100001010707,FALSE,54,TRUE
parent_entity,E100001000264,FALSE,53,TRUE
parent_entity,E100001000279,FALSE,52,TRUE
parent_entity,E100001010777,FALSE,52,TRUE
parent_entity,E100001015251,FALSE,52,TRUE
parent_entity,E100001015373,FALSE,52,TRUE
parent_entity,E100000000888,FALSE,50,TRUE
parent_entity,E100000001179,FALSE,50,TRUE
parent_entity,E100001000198,FALSE,50,TRUE
parent_entity,E100001000253,FALSE,50,TRUE
parent_entity,E100002004413,FALSE,50,TRUE
parent_entity,E100000001177,FALSE,48,TRUE
parent_entity,E100001000243,FALSE,48,TRUE
parent_entity,E100001010706,FALSE,48,TRUE
parent_entity,E100001014294,FALSE,48,TRUE
parent_entity,E100001014434,FALSE,48,TRUE
parent_entity,E100001014543,FALSE,48,TRUE
parent_entity,E100001015971,FALSE,48,TRUE
parent_entity,E100001016645,FALSE,48,TRUE
parent_entity,E100000001213,FALSE,47,TRUE
parent_entity,E100001000095,FALSE,47,TRUE
parent_entity,E100000001079,FALSE,42,TRUE
parent_entity,E100000001492,FALSE,42,TRUE
parent_entity,E100000001075,FALSE,41,TRUE
parent_entity,E100001000269,FALSE,41,TRUE
parent_entity,E100001015278,FALSE,38,TRUE
parent_entity,E100000000003,FALSE,36,TRUE
parent_entity,E100001000008,FALSE,36,TRUE
parent_entity,E100001000197,FALSE,36,TRUE
parent_entity,E100000000320,FALSE,35,TRUE
parent_entity,E100000000669,FALSE,35,TRUE
parent_entity,E100000000671,FALSE,35,TRUE
parent_entity,E100000002892,FALSE,35,TRUE
parent_entity,E100001010042,FALSE,35,TRUE
parent_entity,E100001014866,FALSE,35,TRUE
parent_entity,E100001015201,FALSE,35,TRUE
parent_entity,E100000001282,FALSE,31,TRUE
parent_entity,E100000180733,FALSE,31,TRUE
parent_entity,E100001000210,FALSE,30,TRUE
parent_entity,E100001015356,FALSE,30,TRUE
parent_entity,E100000000505,FALSE,29,TRUE
parent_entity,E100000000694,FALSE,29,TRUE
parent_entity,E100001015274,FALSE,29,TRUE
parent_entity,E100001015275,FALSE,29,TRUE
parent_entity,E100001015276,FALSE,29,TRUE
parent_entity,E100001000397,FALSE,28,TRUE
parent_entity,E100001000520,FALSE,28,TRUE
parent_entity,E100001014455,FALSE,28,TRUE
parent_entity,E100000001332,FALSE,26,TRUE
parent_entity,E100001000281,FALSE,26,TRUE
parent_entity,E100001000483,FALSE,26,TRUE
parent_entity,E100001000484,FALSE,26,TRUE
parent_entity,E100001015268,FALSE,26,TRUE
parent_entity,E100000000013,FALSE,25,TRUE
parent_entity,E100000001860,FALSE,25,TRUE
parent_entity,E100001000147,FALSE,25,TRUE
parent_entity,E100001000148,FALSE,25,TRUE
parent_entity,E100001011471,FALSE,25,TRUE
parent_entity,E100001014865,FALSE,25,TRUE
parent_entity,E100001015202,FALSE,25,TRUE
parent_entity,E100000153028,FALSE,23,TRUE
parent_entity,E100000001254,FALSE,22,TRUE
parent_entity,E100000000524,FALSE,19,TRUE
parent_entity,E100000001918,FALSE,19,TRUE
parent_entity,E100001000250,FALSE,19,TRUE
parent_entity,E100000000034,FALSE,18,TRUE
parent_entity,E100000000869,FALSE,17,TRUE
parent_entity,E100001011247,FALSE,17,TRUE
parent_entity,E100001015054,FALSE,17,TRUE
parent_entity,E100000135826,FALSE,16,TRUE
parent_entity,E100000181249,FALSE,16,TRUE
parent_entity,E100001016380,FALSE,16,TRUE
parent_entity,E100002022039,FALSE,16,TRUE
parent_entity,E100000000720,FALSE,15,TRUE
parent_entity,E100001000081,FALSE,15,TRUE
parent_entity,E100001000085,FALSE,15,TRUE
parent_entity,E100000001534,FALSE,14,TRUE
parent_entity,E100000139852,FALSE,14,TRUE
parent_entity,E100001010427,FALSE,14,TRUE
parent_entity,E100001010428,FALSE,14,TRUE
parent_entity,E100001010429,FALSE,14,TRUE
parent_entity,E100001016390,FALSE,14,TRUE
parent_entity,E100002015130,FALSE,14,TRUE
parent_entity,E100002015131,FALSE,14,TRUE
parent_entity,E100002015132,FALSE,14,TRUE
parent_entity,E100002021813,FALSE,14,TRUE
parent_entity,E100000000056,FALSE,13,TRUE
parent_entity,E100000000084,FALSE,13,TRUE
parent_entity,E100001000018,FALSE,13,TRUE
parent_entity,E100001000311,FALSE,13,TRUE
parent_entity,E100001000312,FALSE,13,TRUE
parent_entity,E100001000313,FALSE,13,TRUE
parent_entity,E100001000314,FALSE,13,TRUE
parent_entity,E100001000346,FALSE,13,TRUE
parent_entity,E100001015599,FALSE,13,TRUE
parent_entity,E100001015800,FALSE,13,TRUE
parent_entity,E100001015866,FALSE,13,TRUE
parent_entity,E100001015867,FALSE,13,TRUE
parent_entity,E100001015868,FALSE,13,TRUE
parent_entity,E100002004370,FALSE,13,TRUE
parent_entity,E100002022061,FALSE,13,TRUE
parent_entity,E100002022062,FALSE,13,TRUE
parent_entity,E100000000136,FALSE,12,TRUE
parent_entity,E100000001158,FALSE,12,TRUE
parent_entity,E100000133542,FALSE,12,TRUE
parent_entity,E100000134222,FALSE,12,TRUE
parent_entity,E100000189189,FALSE,12,TRUE
parent_entity,E100001000178,FALSE,12,TRUE
parent_entity,E100001000179,FALSE,12,TRUE
parent_entity,E100001000382,FALSE,12,TRUE
parent_entity,E100001011617,FALSE,12,TRUE
parent_entity,E100001016125,FALSE,12,TRUE
parent_entity,E100001016126,FALSE,12,TRUE
parent_entity,E100001016255,FALSE,12,TRUE
parent_entity,E100001016256,FALSE,12,TRUE
parent_entity,E100001016257,FALSE,12,TRUE
parent_entity,E100001016492,FALSE,12,TRUE
parent_entity,E100001016498,FALSE,12,TRUE
parent_entity,E100002011285,FALSE,12,TRUE
parent_entity,E100002014004,FALSE,12,TRUE
parent_entity,E100002021864,FALSE,12,TRUE
parent_entity,E100002022203,FALSE,12,TRUE
parent_entity,E100000000846,FALSE,11,TRUE
parent_entity,E100000001321,FALSE,11,TRUE
parent_entity,E100001015579,FALSE,11,TRUE
parent_entity,E100001015698,FALSE,11,TRUE
parent_entity,E100000000766,FALSE,10,TRUE
parent_entity,E100000001245,FALSE,10,TRUE
parent_entity,E100000001270,FALSE,10,TRUE
parent_entity,E100001011267,FALSE,10,TRUE
parent_entity,E100001015644,FALSE,10,TRUE
parent_entity,E100000000027,FALSE,9,TRUE
parent_entity,E100000000127,FALSE,9,TRUE
parent_entity,E100000000777,FALSE,9,TRUE
parent_entity,E100000000781,FALSE,9,TRUE
parent_entity,E100001011136,FALSE,9,TRUE
parent_entity,E100001011511,FALSE,9,TRUE
parent_entity,E100001015051,FALSE,9,TRUE
parent_entity,E100002007863,FALSE,9,TRUE
parent_entity,E100000000250,FALSE,8,TRUE
parent_entity,E100000000285,FALSE,8,TRUE
parent_entity,E100000000315,FALSE,8,TRUE
parent_entity,E100000000638,FALSE,8,TRUE
parent_entity,E100000124101,FALSE,8,TRUE
parent_entity,E100000124618,FALSE,8,TRUE
parent_entity,E100000124885,FALSE,8,TRUE
parent_entity,E100000124886,FALSE,8,TRUE
parent_entity,E100000124887,FALSE,8,TRUE
parent_entity,E100000124888,FALSE,8,TRUE
parent_entity,E100000125100,FALSE,8,TRUE
parent_entity,E100000125730,FALSE,8,TRUE
parent_entity,E100000125731,FALSE,8,TRUE
parent_entity,E100000125732,FALSE,8,TRUE
parent_entity,E100000125784,FALSE,8,TRUE
parent_entity,E100000126055,FALSE,8,TRUE
parent_entity,E100000152472,FALSE,8,TRUE
parent_entity,E100001000031,FALSE,8,TRUE
parent_entity,E100001000032,FALSE,8,TRUE
parent_entity,E100001000033,FALSE,8,TRUE
parent_entity,E100001011945,FALSE,8,TRUE
parent_entity,E100001015045,FALSE,8,TRUE
parent_entity,E100002004378,FALSE,8,TRUE
parent_entity,E100000000135,FALSE,7,TRUE
parent_entity,E100000000245,FALSE,7,TRUE
parent_entity,E100000000771,FALSE,7,TRUE
parent_entity,E100000000879,FALSE,7,TRUE
parent_entity,E100000152934,FALSE,7,TRUE
parent_entity,E100000192363,FALSE,7,TRUE
parent_entity,E100000192367,FALSE,7,TRUE
parent_entity,E100000192528,FALSE,7,TRUE
parent_entity,E100001000328,FALSE,7,TRUE
parent_entity,E100001010605,FALSE,7,TRUE
parent_entity,E100001010998,FALSE,7,TRUE
parent_entity,E100001010999,FALSE,7,TRUE
parent_entity,E100001014069,FALSE,7,TRUE
parent_entity,E100002004466,FALSE,7,TRUE
parent_entity,E100002004467,FALSE,7,TRUE
parent_entity,E100002004468,FALSE,7,TRUE
parent_entity,E100002004469,FALSE,7,TRUE
parent_entity,E100002007636,FALSE,7,TRUE
parent_entity,E100002022200,FALSE,7,TRUE
parent_entity,E100000000172,FALSE,6,TRUE
parent_entity,E100000000758,FALSE,6,TRUE
parent_entity,E100001000296,FALSE,6,TRUE
parent_entity,E100001000345,FALSE,6,TRUE
parent_entity,E100001011300,FALSE,6,TRUE
parent_entity,E100001014203,FALSE,6,TRUE
parent_entity,E100001014386,FALSE,6,TRUE
parent_entity,E100001015822,FALSE,6,TRUE
parent_entity,E100001015834,FALSE,6,TRUE
parent_entity,E100002000701,FALSE,6,TRUE
parent_entity,E100000000980,FALSE,5,TRUE
parent_entity,E100000001384,FALSE,5,TRUE
parent_entity,E100000001595,FALSE,5,TRUE
parent_entity,E100000002139,FALSE,5,TRUE
parent_entity,E100000149136,FALSE,5,TRUE
parent_entity,E100001000293,FALSE,5,TRUE
parent_entity,E100001000370,FALSE,5,TRUE
parent_entity,E100001014140,FALSE,5,TRUE
parent_entity,E100001014283,FALSE,5,TRUE
parent_entity,E100001014284,FALSE,5,TRUE
parent_entity,E100001014359,FALSE,5,TRUE
parent_entity,E100001014841,FALSE,5,TRUE
parent_entity,E100001014862,FALSE,5,TRUE
parent_entity,E100001015128,FALSE,5,TRUE
parent_entity,E100001015129,FALSE,5,TRUE
parent_entity,E100001015130,FALSE,5,TRUE
parent_entity,E100001015131,FALSE,5,TRUE
parent_entity,E100001015132,FALSE,5,TRUE
parent_entity,E100001015383,FALSE,5,TRUE
parent_entity,E100001015391,FALSE,5,TRUE
parent_entity,E100002003009,FALSE,5,TRUE
parent_entity,E100002020048,FALSE,5,TRUE
parent_entity,E100002020049,FALSE,5,TRUE
parent_entity,E100000000538,FALSE,4,TRUE
parent_entity,E100000000645,FALSE,4,TRUE
parent_entity,E100000001246,FALSE,4,TRUE
parent_entity,E100000001835,FALSE,4,TRUE
parent_entity,E100000001917,FALSE,4,TRUE
parent_entity,E100000002166,FALSE,4,TRUE
parent_entity,E100000152286,FALSE,4,TRUE
parent_entity,E100001000084,FALSE,4,TRUE
parent_entity,E100001000278,FALSE,4,TRUE
parent_entity,E100001010705,FALSE,4,TRUE
parent_entity,E100001011559,FALSE,4,TRUE
parent_entity,E100001014582,FALSE,4,TRUE
parent_entity,E100001014874,FALSE,4,TRUE
parent_entity,E100001015566,FALSE,4,TRUE
parent_entity,E100001015646,FALSE,4,TRUE
parent_entity,E100001016010,FALSE,4,TRUE
parent_entity,E100002001296,FALSE,4,TRUE
parent_entity,E100002001416,FALSE,4,TRUE
parent_entity,E100002017432,FALSE,4,TRUE
parent_entity,E100002018781,FALSE,4,TRUE
parent_entity,E100000000104,FALSE,3,TRUE
parent_entity,E100000000587,FALSE,3,TRUE
parent_entity,E100000000649,FALSE,3,TRUE
parent_entity,E100000000998,FALSE,3,TRUE
parent_entity,E100000001086,FALSE,3,TRUE
parent_entity,E100000001237,FALSE,3,TRUE
parent_entity,E100000001260,FALSE,3,TRUE
parent_entity,E100000125246,FALSE,3,TRUE
parent_entity,E100000136276,FALSE,3,TRUE
parent_entity,E100001000089,FALSE,3,TRUE
parent_entity,E100001000284,FALSE,3,TRUE
parent_entity,E100001000318,FALSE,3,TRUE
parent_entity,E100001000416,FALSE,3,TRUE
parent_entity,E100001000730,FALSE,3,TRUE
parent_entity,E100001010516,FALSE,3,TRUE
parent_entity,E100001010517,FALSE,3,TRUE
parent_entity,E100001010518,FALSE,3,TRUE
parent_entity,E100001014223,FALSE,3,TRUE
parent_entity,E100001014253,FALSE,3,TRUE
parent_entity,E100001014277,FALSE,3,TRUE
parent_entity,E100001014354,FALSE,3,TRUE
parent_entity,E100001014363,FALSE,3,TRUE
parent_entity,E100001014365,FALSE,3,TRUE
parent_entity,E100001014366,FALSE,3,TRUE
parent_entity,E100001014383,FALSE,3,TRUE
parent_entity,E100001014536,FALSE,3,TRUE
parent_entity,E100001014626,FALSE,3,TRUE
parent_entity,E100001014871,FALSE,3,TRUE
parent_entity,E100001014950,FALSE,3,TRUE
parent_entity,E100001015015,FALSE,3,TRUE
parent_entity,E100001015205,FALSE,3,TRUE
parent_entity,E100001015313,FALSE,3,TRUE
parent_entity,E100001015344,FALSE,3,TRUE
parent_entity,E100001015647,FALSE,3,TRUE
parent_entity,E100001015648,FALSE,3,TRUE
parent_entity,E100001015832,FALSE,3,TRUE
parent_entity,E100001015870,FALSE,3,TRUE
parent_entity,E100001015881,FALSE,3,TRUE
parent_entity,E100001015984,FALSE,3,TRUE
parent_entity,E100001015987,FALSE,3,TRUE
parent_entity,E100001016127,FALSE,3,TRUE
parent_entity,E100002000914,FALSE,3,TRUE
parent_entity,E100002001359,FALSE,3,TRUE
parent_entity,E100002001399,FALSE,3,TRUE
parent_entity,E100002004739,FALSE,3,TRUE
parent_entity,E100002004958,FALSE,3,TRUE
parent_entity,E100002004959,FALSE,3,TRUE
parent_entity,E100002005039,FALSE,3,TRUE
parent_entity,E100002005290,FALSE,3,TRUE
parent_entity,E100002011707,FALSE,3,TRUE
parent_entity,E100002021518,FALSE,3,TRUE
parent_entity,E100000000004,FALSE,2,TRUE
parent_entity,E100000000015,FALSE,2,TRUE
parent_entity,E100000000145,FALSE,2,TRUE
parent_entity,E100000000329,FALSE,2,TRUE
parent_entity,E100000000391,FALSE,2,TRUE
parent_entity,E100000000395,FALSE,2,TRUE
parent_entity,E100000000509,FALSE,2,TRUE
parent_entity,E100000000513,FALSE,2,TRUE
parent_entity,E100000000676,FALSE,2,TRUE
parent_entity,E100000000684,FALSE,2,TRUE
parent_entity,E100000000702,FALSE,2,TRUE
parent_entity,E100000000943,FALSE,2,TRUE
parent_entity,E100000000953,FALSE,2,TRUE
parent_entity,E100000000962,FALSE,2,TRUE
parent_entity,E100000001010,FALSE,2,TRUE
parent_entity,E100000001035,FALSE,2,TRUE
parent_entity,E100000001193,FALSE,2,TRUE
parent_entity,E100000001299,FALSE,2,TRUE
parent_entity,E100000001306,FALSE,2,TRUE
parent_entity,E100000001763,FALSE,2,TRUE
parent_entity,E100000002129,FALSE,2,TRUE
parent_entity,E100000002130,FALSE,2,TRUE
parent_entity,E100000002134,FALSE,2,TRUE
parent_entity,E100000124164,FALSE,2,TRUE
parent_entity,E100000124453,FALSE,2,TRUE
parent_entity,E100000124585,FALSE,2,TRUE
parent_entity,E100000130627,FALSE,2,TRUE
parent_entity,E100000134810,FALSE,2,TRUE
parent_entity,E100001000099,FALSE,2,TRUE
parent_entity,E100001000100,FALSE,2,TRUE
parent_entity,E100001000153,FALSE,2,TRUE
parent_entity,E100001000209,FALSE,2,TRUE
parent_entity,E100001000257,FALSE,2,TRUE
parent_entity,E100001000267,FALSE,2,TRUE
parent_entity,E100001000959,FALSE,2,TRUE
parent_entity,E100001010066,FALSE,2,TRUE
parent_entity,E100001010643,FALSE,2,TRUE
parent_entity,E100001010708,FALSE,2,TRUE
parent_entity,E100001010887,FALSE,2,TRUE
parent_entity,E100001010923,FALSE,2,TRUE
parent_entity,E100001011114,FALSE,2,TRUE
parent_entity,E100001011115,FALSE,2,TRUE
parent_entity,E100001011288,FALSE,2,TRUE
parent_entity,E100001011301,FALSE,2,TRUE
parent_entity,E100001011332,FALSE,2,TRUE
parent_entity,E100001011774,FALSE,2,TRUE
parent_entity,E100001012407,FALSE,2,TRUE
parent_entity,E100001012563,FALSE,2,TRUE
parent_entity,E100001012815,FALSE,2,TRUE
parent_entity,E100001014062,FALSE,2,TRUE
parent_entity,E100001014067,FALSE,2,TRUE
parent_entity,E100001014068,FALSE,2,TRUE
parent_entity,E100001014070,FALSE,2,TRUE
parent_entity,E100001014071,FALSE,2,TRUE
parent_entity,E100001014129,FALSE,2,TRUE
parent_entity,E100001014134,FALSE,2,TRUE
parent_entity,E100001014135,FALSE,2,TRUE
parent_entity,E100001014258,FALSE,2,TRUE
parent_entity,E100001014273,FALSE,2,TRUE
parent_entity,E100001014299,FALSE,2,TRUE
parent_entity,E100001014314,FALSE,2,TRUE
parent_entity,E100001014315,FALSE,2,TRUE
parent_entity,E100001014317,FALSE,2,TRUE
parent_entity,E100001014373,FALSE,2,TRUE
parent_entity,E100001014375,FALSE,2,TRUE
parent_entity,E100001014376,FALSE,2,TRUE
parent_entity,E100001014401,FALSE,2,TRUE
parent_entity,E100001014505,FALSE,2,TRUE
parent_entity,E100001014573,FALSE,2,TRUE
parent_entity,E100001014618,FALSE,2,TRUE
parent_entity,E100001014651,FALSE,2,TRUE
parent_entity,E100001014667,FALSE,2,TRUE
parent_entity,E100001014685,FALSE,2,TRUE
parent_entity,E100001014872,FALSE,2,TRUE
parent_entity,E100001015216,FALSE,2,TRUE
parent_entity,E100001015341,FALSE,2,TRUE
parent_entity,E100001015348,FALSE,2,TRUE
parent_entity,E100001015374,FALSE,2,TRUE
parent_entity,E100001015621,FALSE,2,TRUE
parent_entity,E100001015689,FALSE,2,TRUE
parent_entity,E100001015782,FALSE,2,TRUE
parent_entity,E100001015792,FALSE,2,TRUE
parent_entity,E100001015807,FALSE,2,TRUE
parent_entity,E100001015809,FALSE,2,TRUE
parent_entity,E100001015812,FALSE,2,TRUE
parent_entity,E100001015884,FALSE,2,TRUE
parent_entity,E100001015885,FALSE,2,TRUE
parent_entity,E100001015886,FALSE,2,TRUE
parent_entity,E100001015935,FALSE,2,TRUE
parent_entity,E100001016035,FALSE,2,TRUE
parent_entity,E100001016066,FALSE,2,TRUE
parent_entity,E100001016070,FALSE,2,TRUE
parent_entity,E100001016377,FALSE,2,TRUE
parent_entity,E100001016392,FALSE,2,TRUE
parent_entity,E100001016740,FALSE,2,TRUE
parent_entity,E100002000031,FALSE,2,TRUE
parent_entity,E100002003559,FALSE,2,TRUE
parent_entity,E100002004292,FALSE,2,TRUE
parent_entity,E100002004294,FALSE,2,TRUE
parent_entity,E100002004501,FALSE,2,TRUE
parent_entity,E100002004503,FALSE,2,TRUE
parent_entity,E100002004504,FALSE,2,TRUE
parent_entity,E100002004505,FALSE,2,TRUE
parent_entity,E100002004506,FALSE,2,TRUE
parent_entity,E100002004507,FALSE,2,TRUE
parent_entity,E100002004508,FALSE,2,TRUE
parent_entity,E100002005153,FALSE,2,TRUE
parent_entity,E100002005244,FALSE,2,TRUE
parent_entity,E100002005248,FALSE,2,TRUE
parent_entity,E100002005456,FALSE,2,TRUE
parent_entity,E100002005457,FALSE,2,TRUE
parent_entity,E100002005458,FALSE,2,TRUE
parent_entity,E100002005503,FALSE,2,TRUE
parent_entity,E100002007779,FALSE,2,TRUE
parent_entity,E100002007783,FALSE,2,TRUE
parent_entity,E100002007877,FALSE,2,TRUE
parent_entity,E100002016070,FALSE,2,TRUE
parent_entity,E100002019356,FALSE,2,TRUE
parent_entity,E100002022047,FALSE,2,TRUE
parent_entity,E100002022081,FALSE,2,TRUE
parent_entity,E100002022083,FALSE,2,TRUE
parent_entity,E100002022084,FALSE,2,TRUE
parent_entity,E100002022199,FALSE,2,TRUE
parent_entity,E100002022231,FALSE,2,TRUE
parent_entity,E100002022234,FALSE,2,TRUE
parent_entity,E100000000019,FALSE,1,TRUE
parent_entity,E100000000105,FALSE,1,TRUE
parent_entity,E100000000220,FALSE,1,TRUE
parent_entity,E100000000336,FALSE,1,TRUE
parent_entity,E100000000424,FALSE,1,TRUE
parent_entity,E100000000533,FALSE,1,TRUE
parent_entity,E100000000585,FALSE,1,TRUE
parent_entity,E100000000759,FALSE,1,TRUE
parent_entity,E100000000825,FALSE,1,TRUE
parent_entity,E100000000827,FALSE,1,TRUE
parent_entity,E100000000851,FALSE,1,TRUE
parent_entity,E100000000870,FALSE,1,TRUE
parent_entity,E100000000881,FALSE,1,TRUE
parent_entity,E100000000958,FALSE,1,TRUE
parent_entity,E100000000975,FALSE,1,TRUE
parent_entity,E100000001078,FALSE,1,TRUE
parent_entity,E100000001080,FALSE,1,TRUE
parent_entity,E100000001101,FALSE,1,TRUE
parent_entity,E100000001173,FALSE,1,TRUE
parent_entity,E100000001234,FALSE,1,TRUE
parent_entity,E100000001247,FALSE,1,TRUE
parent_entity,E100000001275,FALSE,1,TRUE
parent_entity,E100000001354,FALSE,1,TRUE
parent_entity,E100000001378,FALSE,1,TRUE
parent_entity,E100000001471,FALSE,1,TRUE
parent_entity,E100000001607,FALSE,1,TRUE
parent_entity,E100000001682,FALSE,1,TRUE
parent_entity,E100000001768,FALSE,1,TRUE
parent_entity,E100000121263,FALSE,1,TRUE
parent_entity,E100000123428,FALSE,1,TRUE
parent_entity,E100000124666,FALSE,1,TRUE
parent_entity,E100000124919,FALSE,1,TRUE
parent_entity,E100000124954,FALSE,1,TRUE
parent_entity,E100000125511,FALSE,1,TRUE
parent_entity,E100000125551,FALSE,1,TRUE
parent_entity,E100000125588,FALSE,1,TRUE
parent_entity,E100000125629,FALSE,1,TRUE
parent_entity,E100000125636,FALSE,1,TRUE
parent_entity,E100000125675,FALSE,1,TRUE
parent_entity,E100000127409,FALSE,1,TRUE
parent_entity,E100000127412,FALSE,1,TRUE
parent_entity,E100000128421,FALSE,1,TRUE
parent_entity,E100000128609,FALSE,1,TRUE
parent_entity,E100000130265,FALSE,1,TRUE
parent_entity,E100000131640,FALSE,1,TRUE
parent_entity,E100000133592,FALSE,1,TRUE
parent_entity,E100000149031,FALSE,1,TRUE
parent_entity,E100000149640,FALSE,1,TRUE
parent_entity,E100000152013,FALSE,1,TRUE
parent_entity,E100000188403,FALSE,1,TRUE
parent_entity,E100000192495,FALSE,1,TRUE
parent_entity,E100000192496,FALSE,1,TRUE
parent_entity,E100000192563,FALSE,1,TRUE
parent_entity,E100001000086,FALSE,1,TRUE
parent_entity,E100001000088,FALSE,1,TRUE
parent_entity,E100001000090,FALSE,1,TRUE
parent_entity,E100001000194,FALSE,1,TRUE
parent_entity,E100001000201,FALSE,1,TRUE
parent_entity,E100001000265,FALSE,1,TRUE
parent_entity,E100001000295,FALSE,1,TRUE
parent_entity,E100001000306,FALSE,1,TRUE
parent_entity,E100001000333,FALSE,1,TRUE
parent_entity,E100001000400,FALSE,1,TRUE
parent_entity,E100001000450,FALSE,1,TRUE
parent_entity,E100001000514,FALSE,1,TRUE
parent_entity,E100001000616,FALSE,1,TRUE
parent_entity,E100001000745,FALSE,1,TRUE
parent_entity,E100001000752,FALSE,1,TRUE
parent_entity,E100001000845,FALSE,1,TRUE
parent_entity,E100001001041,FALSE,1,TRUE
parent_entity,E100001010007,FALSE,1,TRUE
parent_entity,E100001010426,FALSE,1,TRUE
parent_entity,E100001010442,FALSE,1,TRUE
parent_entity,E100001010582,FALSE,1,TRUE
parent_entity,E100001010756,FALSE,1,TRUE
parent_entity,E100001010774,FALSE,1,TRUE
parent_entity,E100001010860,FALSE,1,TRUE
parent_entity,E100001010861,FALSE,1,TRUE
parent_entity,E100001010911,FALSE,1,TRUE
parent_entity,E100001010913,FALSE,1,TRUE
parent_entity,E100001010914,FALSE,1,TRUE
parent_entity,E100001011044,FALSE,1,TRUE
parent_entity,E100001011277,FALSE,1,TRUE
parent_entity,E100001011838,FALSE,1,TRUE
parent_entity,E100001012038,FALSE,1,TRUE
parent_entity,E100001014013,FALSE,1,TRUE
parent_entity,E100001014066,FALSE,1,TRUE
parent_entity,E100001014074,FALSE,1,TRUE
parent_entity,E100001014075,FALSE,1,TRUE
parent_entity,E100001014108,FALSE,1,TRUE
parent_entity,E100001014154,FALSE,1,TRUE
parent_entity,E100001014155,FALSE,1,TRUE
parent_entity,E100001014271,FALSE,1,TRUE
parent_entity,E100001014306,FALSE,1,TRUE
parent_entity,E100001014437,FALSE,1,TRUE
parent_entity,E100001014502,FALSE,1,TRUE
parent_entity,E100001014522,FALSE,1,TRUE
parent_entity,E100001014531,FALSE,1,TRUE
parent_entity,E100001014534,FALSE,1,TRUE
parent_entity,E100001014572,FALSE,1,TRUE
parent_entity,E100001014574,FALSE,1,TRUE
parent_entity,E100001014628,FALSE,1,TRUE
parent_entity,E100001014629,FALSE,1,TRUE
parent_entity,E100001014690,FALSE,1,TRUE
parent_entity,E100001014704,FALSE,1,TRUE
parent_entity,E100001014713,FALSE,1,TRUE
parent_entity,E100001014714,FALSE,1,TRUE
parent_entity,E100001014715,FALSE,1,TRUE
parent_entity,E100001014717,FALSE,1,TRUE
parent_entity,E100001014718,FALSE,1,TRUE
parent_entity,E100001014719,FALSE,1,TRUE
parent_entity,E100001014854,FALSE,1,TRUE
parent_entity,E100001014855,FALSE,1,TRUE
parent_entity,E100001014859,FALSE,1,TRUE
parent_entity,E100001014880,FALSE,1,TRUE
parent_entity,E100001014943,FALSE,1,TRUE
parent_entity,E100001014954,FALSE,1,TRUE
parent_entity,E100001015010,FALSE,1,TRUE
parent_entity,E100001015111,FALSE,1,TRUE
parent_entity,E100001015137,FALSE,1,TRUE
parent_entity,E100001015208,FALSE,1,TRUE
parent_entity,E100001015291,FALSE,1,TRUE
parent_entity,E100001015296,FALSE,1,TRUE
parent_entity,E100001015353,FALSE,1,TRUE
parent_entity,E100001015358,FALSE,1,TRUE
parent_entity,E100001015379,FALSE,1,TRUE
parent_entity,E100001015380,FALSE,1,TRUE
parent_entity,E100001015428,FALSE,1,TRUE
parent_entity,E100001015545,FALSE,1,TRUE
parent_entity,E100001015600,FALSE,1,TRUE
parent_entity,E100001015602,FALSE,1,TRUE
parent_entity,E100001015603,FALSE,1,TRUE
parent_entity,E100001015604,FALSE,1,TRUE
parent_entity,E100001015606,FALSE,1,TRUE
parent_entity,E100001015607,FALSE,1,TRUE
parent_entity,E100001015608,FALSE,1,TRUE
parent_entity,E100001015617,FALSE,1,TRUE
parent_entity,E100001015645,FALSE,1,TRUE
parent_entity,E100001015674,FALSE,1,TRUE
parent_entity,E100001015679,FALSE,1,TRUE
parent_entity,E100001015695,FALSE,1,TRUE
parent_entity,E100001015696,FALSE,1,TRUE
parent_entity,E100001015697,FALSE,1,TRUE
parent_entity,E100001015700,FALSE,1,TRUE
parent_entity,E100001015702,FALSE,1,TRUE
parent_entity,E100001015743,FALSE,1,TRUE
parent_entity,E100001015759,FALSE,1,TRUE
parent_entity,E100001015831,FALSE,1,TRUE
parent_entity,E100001015849,FALSE,1,TRUE
parent_entity,E100001015876,FALSE,1,TRUE
parent_entity,E100001015969,FALSE,1,TRUE
parent_entity,E100001015999,FALSE,1,TRUE
parent_entity,E100001016083,FALSE,1,TRUE
parent_entity,E100001016340,FALSE,1,TRUE
parent_entity,E100001016341,FALSE,1,TRUE
parent_entity,E100001016342,FALSE,1,TRUE
parent_entity,E100001016398,FALSE,1,TRUE
parent_entity,E100001016577,FALSE,1,TRUE
parent_entity,E100002001293,FALSE,1,TRUE
parent_entity,E100002001297,FALSE,1,TRUE
parent_entity,E100002003400,FALSE,1,TRUE
parent_entity,E100002003401,FALSE,1,TRUE
parent_entity,E100002003402,FALSE,1,TRUE
parent_entity,E100002003405,FALSE,1,TRUE
parent_entity,E100002003407,FALSE,1,TRUE
parent_entity,E100002004300,FALSE,1,TRUE
parent_entity,E100002004308,FALSE,1,TRUE
parent_entity,E100002004326,FALSE,1,TRUE
parent_entity,E100002004330,FALSE,1,TRUE
parent_entity,E100002004428,FALSE,1,TRUE
parent_entity,E100002004449,FALSE,1,TRUE
parent_entity,E100002004454,FALSE,1,TRUE
parent_entity,E100002004457,FALSE,1,TRUE
parent_entity,E100002004569,FALSE,1,TRUE
parent_entity,E100002004661,FALSE,1,TRUE
parent_entity,E100002004662,FALSE,1,TRUE
parent_entity,E100002004663,FALSE,1,TRUE
parent_entity,E100002004664,FALSE,1,TRUE
parent_entity,E100002004979,FALSE,1,TRUE
parent_entity,E100002005012,FALSE,1,TRUE
parent_entity,E100002005467,FALSE,1,TRUE
parent_entity,E100002005521,FALSE,1,TRUE
parent_entity,E100002005522,FALSE,1,TRUE
parent_entity,E100002005523,FALSE,1,TRUE
parent_entity,E100002005555,FALSE,1,TRUE
parent_entity,E100002007728,FALSE,1,TRUE
parent_entity,E100002008077,FALSE,1,TRUE
parent_entity,E100002008079,FALSE,1,TRUE
parent_entity,E100002008201,FALSE,1,TRUE
parent_entity,E100002016446,FALSE,1,TRUE
parent_entity,E100002016448,FALSE,1,TRUE
parent_entity,E100002016549,FALSE,1,TRUE
parent_entity,E100002017714,FALSE,1,TRUE
parent_entity,E100002018592,FALSE,1,TRUE
parent_entity,E100002019821,FALSE,1,TRUE
parent_entity,E100002021776,FALSE,1,TRUE
parent_entity,E100002021916,FALSE,1,TRUE
parent_entity,E100002021917,FALSE,1,TRUE
parent_entity,E100002021918,FALSE,1,TRUE
parent_entity,E100002022033,FALSE,1,TRUE
parent_entity,E100002022056,FALSE,1,TRUE
