"country_name","product","flow","year","number_of_records"
"Australia","Crude oil","Consumption Pattern",2021,2
"Australia","Crude oil","Industrial Production",2021,2
"Australia","Gasoline and diesel","Net Deliveries",2021,2
"Australia","Liquified Petroleum Gas","Net Deliveries",2021,2
"Australia","Middle distillates","Consumption Pattern",2021,2
"Australia","Naphtha","Net Deliveries",2021,2
"Australia","Other oil products","Net Deliveries",2021,2
"Australia","Residual fuel oil","Consumption Pattern",2021,2
"Australia","Residual fuel oil","Net Deliveries",2021,2
"Australia","Total gas oil production","Consumption Pattern",2021,2
"Australia","Total gas oil production","Net Deliveries",2021,2
"Australia","Total kerosene production","Net Deliveries",2021,2
"Australia","Total oil production","Consumption Pattern",2021,2
"Australia","Total oil products production","Consumption Pattern",2021,2
"Australia","Total oil products production","Net Deliveries",2021,2
"Austria","Crude oil","Consumption Pattern",2021,2
"Austria","Crude oil","Industrial Production",2021,2
"Austria","Gasoline and diesel","Net Deliveries",2021,2
"Austria","Liquified Petroleum Gas","Net Deliveries",2021,2
"Austria","Middle distillates","Consumption Pattern",2021,2
"Austria","Naphtha","Net Deliveries",2021,2
"Austria","Other oil products","Net Deliveries",2021,2
"Austria","Residual fuel oil","Consumption Pattern",2021,2
"Austria","Residual fuel oil","Net Deliveries",2021,2
"Austria","Total gas oil production","Consumption Pattern",2021,2
"Austria","Total gas oil production","Net Deliveries",2021,2
"Austria","Total kerosene production","Net Deliveries",2021,2
"Austria","Total oil production","Consumption Pattern",2021,2
"Austria","Total oil products production","Consumption Pattern",2021,2
"Austria","Total oil products production","Net Deliveries",2021,2
"Belgium","Crude oil","Consumption Pattern",2021,2
"Belgium","Crude oil","Industrial Production",2021,2
"Belgium","Gasoline and diesel","Net Deliveries",2021,2
"Belgium","Liquified Petroleum Gas","Net Deliveries",2021,2
"Belgium","Middle distillates","Consumption Pattern",2021,2
"Belgium","Naphtha","Net Deliveries",2021,2
"Belgium","Other oil products","Net Deliveries",2021,2
"Belgium","Residual fuel oil","Consumption Pattern",2021,2
"Belgium","Residual fuel oil","Net Deliveries",2021,2
"Belgium","Total gas oil production","Consumption Pattern",2021,2
"Belgium","Total gas oil production","Net Deliveries",2021,2
"Belgium","Total kerosene production","Net Deliveries",2021,2
"Belgium","Total oil production","Consumption Pattern",2021,2
"Belgium","Total oil products production","Consumption Pattern",2021,2
"Belgium","Total oil products production","Net Deliveries",2021,2
"Canada","Crude oil","Consumption Pattern",2021,2
"Canada","Crude oil","Industrial Production",2021,2
"Canada","Gasoline and diesel","Net Deliveries",2021,2
"Canada","Liquified Petroleum Gas","Net Deliveries",2021,2
"Canada","Middle distillates","Consumption Pattern",2021,2
"Canada","Naphtha","Net Deliveries",2021,2
"Canada","Other oil products","Net Deliveries",2021,2
"Canada","Residual fuel oil","Consumption Pattern",2021,2
"Canada","Residual fuel oil","Net Deliveries",2021,2
"Canada","Total gas oil production","Consumption Pattern",2021,2
"Canada","Total gas oil production","Net Deliveries",2021,2
"Canada","Total kerosene production","Net Deliveries",2021,2
"Canada","Total oil production","Consumption Pattern",2021,2
"Canada","Total oil products production","Consumption Pattern",2021,2
"Canada","Total oil products production","Net Deliveries",2021,2
"Chile","Crude oil","Consumption Pattern",2021,2
"Chile","Crude oil","Industrial Production",2021,2
"Chile","Gasoline and diesel","Net Deliveries",2021,2
"Chile","Liquified Petroleum Gas","Net Deliveries",2021,2
"Chile","Middle distillates","Consumption Pattern",2021,2
"Chile","Naphtha","Net Deliveries",2021,2
"Chile","Other oil products","Net Deliveries",2021,2
"Chile","Residual fuel oil","Consumption Pattern",2021,2
"Chile","Residual fuel oil","Net Deliveries",2021,2
"Chile","Total gas oil production","Consumption Pattern",2021,2
"Chile","Total gas oil production","Net Deliveries",2021,2
"Chile","Total kerosene production","Net Deliveries",2021,2
"Chile","Total oil production","Consumption Pattern",2021,2
"Chile","Total oil products production","Consumption Pattern",2021,2
"Chile","Total oil products production","Net Deliveries",2021,2
"Czech Republic","Crude oil","Consumption Pattern",2021,2
"Czech Republic","Crude oil","Industrial Production",2021,2
"Czech Republic","Gasoline and diesel","Net Deliveries",2021,2
"Czech Republic","Liquified Petroleum Gas","Net Deliveries",2021,2
"Czech Republic","Middle distillates","Consumption Pattern",2021,2
"Czech Republic","Naphtha","Net Deliveries",2021,2
"Czech Republic","Other oil products","Net Deliveries",2021,2
"Czech Republic","Residual fuel oil","Consumption Pattern",2021,2
"Czech Republic","Residual fuel oil","Net Deliveries",2021,2
"Czech Republic","Total gas oil production","Consumption Pattern",2021,2
"Czech Republic","Total gas oil production","Net Deliveries",2021,2
"Czech Republic","Total kerosene production","Net Deliveries",2021,2
"Czech Republic","Total oil production","Consumption Pattern",2021,2
"Czech Republic","Total oil products production","Consumption Pattern",2021,2
"Czech Republic","Total oil products production","Net Deliveries",2021,2
"Denmark","Crude oil","Consumption Pattern",2021,2
"Denmark","Crude oil","Industrial Production",2021,2
"Denmark","Gasoline and diesel","Net Deliveries",2021,2
"Denmark","Liquified Petroleum Gas","Net Deliveries",2021,2
"Denmark","Middle distillates","Consumption Pattern",2021,2
"Denmark","Naphtha","Net Deliveries",2021,2
"Denmark","Other oil products","Net Deliveries",2021,2
"Denmark","Residual fuel oil","Consumption Pattern",2021,2
"Denmark","Residual fuel oil","Net Deliveries",2021,2
"Denmark","Total gas oil production","Consumption Pattern",2021,2
"Denmark","Total gas oil production","Net Deliveries",2021,2
"Denmark","Total kerosene production","Net Deliveries",2021,2
"Denmark","Total oil production","Consumption Pattern",2021,2
"Denmark","Total oil products production","Consumption Pattern",2021,2
"Denmark","Total oil products production","Net Deliveries",2021,2
"Estonia","Crude oil","Consumption Pattern",2021,2
"Estonia","Crude oil","Industrial Production",2021,2
"Estonia","Gasoline and diesel","Net Deliveries",2021,2
"Estonia","Liquified Petroleum Gas","Net Deliveries",2021,2
"Estonia","Middle distillates","Consumption Pattern",2021,2
"Estonia","Naphtha","Net Deliveries",2021,2
"Estonia","Other oil products","Net Deliveries",2021,2
"Estonia","Residual fuel oil","Consumption Pattern",2021,2
"Estonia","Residual fuel oil","Net Deliveries",2021,2
"Estonia","Total gas oil production","Consumption Pattern",2021,2
"Estonia","Total gas oil production","Net Deliveries",2021,2
"Estonia","Total kerosene production","Net Deliveries",2021,2
"Estonia","Total oil production","Consumption Pattern",2021,2
"Estonia","Total oil products production","Consumption Pattern",2021,2
"Estonia","Total oil products production","Net Deliveries",2021,2
"Finland","Crude oil","Consumption Pattern",2021,2
"Finland","Crude oil","Industrial Production",2021,2
"Finland","Gasoline and diesel","Net Deliveries",2021,2
"Finland","Liquified Petroleum Gas","Net Deliveries",2021,2
"Finland","Middle distillates","Consumption Pattern",2021,2
"Finland","Naphtha","Net Deliveries",2021,2
"Finland","Other oil products","Net Deliveries",2021,2
"Finland","Residual fuel oil","Consumption Pattern",2021,2
"Finland","Residual fuel oil","Net Deliveries",2021,2
"Finland","Total gas oil production","Consumption Pattern",2021,2
"Finland","Total gas oil production","Net Deliveries",2021,2
"Finland","Total kerosene production","Net Deliveries",2021,2
"Finland","Total oil production","Consumption Pattern",2021,2
"Finland","Total oil products production","Consumption Pattern",2021,2
"Finland","Total oil products production","Net Deliveries",2021,2
"France","Crude oil","Consumption Pattern",2021,2
"France","Crude oil","Industrial Production",2021,2
"France","Gasoline and diesel","Net Deliveries",2021,2
"France","Liquified Petroleum Gas","Net Deliveries",2021,2
"France","Middle distillates","Consumption Pattern",2021,2
"France","Naphtha","Net Deliveries",2021,2
"France","Other oil products","Net Deliveries",2021,2
"France","Residual fuel oil","Consumption Pattern",2021,2
"France","Residual fuel oil","Net Deliveries",2021,2
"France","Total gas oil production","Consumption Pattern",2021,2
"France","Total gas oil production","Net Deliveries",2021,2
"France","Total kerosene production","Net Deliveries",2021,2
"France","Total oil production","Consumption Pattern",2021,2
"France","Total oil products production","Consumption Pattern",2021,2
"France","Total oil products production","Net Deliveries",2021,2
"Germany","Crude oil","Consumption Pattern",2021,2
"Germany","Crude oil","Industrial Production",2021,2
"Germany","Gasoline and diesel","Net Deliveries",2021,2
"Germany","Liquified Petroleum Gas","Net Deliveries",2021,2
"Germany","Middle distillates","Consumption Pattern",2021,2
"Germany","Naphtha","Net Deliveries",2021,2
"Germany","Other oil products","Net Deliveries",2021,2
"Germany","Residual fuel oil","Consumption Pattern",2021,2
"Germany","Residual fuel oil","Net Deliveries",2021,2
"Germany","Total gas oil production","Consumption Pattern",2021,2
"Germany","Total gas oil production","Net Deliveries",2021,2
"Germany","Total kerosene production","Net Deliveries",2021,2
"Germany","Total oil production","Consumption Pattern",2021,2
"Germany","Total oil products production","Consumption Pattern",2021,2
"Germany","Total oil products production","Net Deliveries",2021,2
"Greece","Crude oil","Consumption Pattern",2021,2
"Greece","Crude oil","Industrial Production",2021,2
"Greece","Gasoline and diesel","Net Deliveries",2021,2
"Greece","Liquified Petroleum Gas","Net Deliveries",2021,2
"Greece","Middle distillates","Consumption Pattern",2021,2
"Greece","Naphtha","Net Deliveries",2021,2
"Greece","Other oil products","Net Deliveries",2021,2
"Greece","Residual fuel oil","Consumption Pattern",2021,2
"Greece","Residual fuel oil","Net Deliveries",2021,2
"Greece","Total gas oil production","Consumption Pattern",2021,2
"Greece","Total gas oil production","Net Deliveries",2021,2
"Greece","Total kerosene production","Net Deliveries",2021,2
"Greece","Total oil production","Consumption Pattern",2021,2
"Greece","Total oil products production","Consumption Pattern",2021,2
"Greece","Total oil products production","Net Deliveries",2021,2
"Hungary","Crude oil","Consumption Pattern",2021,2
"Hungary","Crude oil","Industrial Production",2021,2
"Hungary","Gasoline and diesel","Net Deliveries",2021,2
"Hungary","Liquified Petroleum Gas","Net Deliveries",2021,2
"Hungary","Middle distillates","Consumption Pattern",2021,2
"Hungary","Naphtha","Net Deliveries",2021,2
"Hungary","Other oil products","Net Deliveries",2021,2
"Hungary","Residual fuel oil","Consumption Pattern",2021,2
"Hungary","Residual fuel oil","Net Deliveries",2021,2
"Hungary","Total gas oil production","Consumption Pattern",2021,2
"Hungary","Total gas oil production","Net Deliveries",2021,2
"Hungary","Total kerosene production","Net Deliveries",2021,2
"Hungary","Total oil production","Consumption Pattern",2021,2
"Hungary","Total oil products production","Consumption Pattern",2021,2
"Hungary","Total oil products production","Net Deliveries",2021,2
"Iceland","Crude oil","Consumption Pattern",2021,2
"Iceland","Crude oil","Industrial Production",2021,2
"Iceland","Gasoline and diesel","Net Deliveries",2021,2
"Iceland","Liquified Petroleum Gas","Net Deliveries",2021,2
"Iceland","Middle distillates","Consumption Pattern",2021,2
"Iceland","Naphtha","Net Deliveries",2021,2
"Iceland","Other oil products","Net Deliveries",2021,2
"Iceland","Residual fuel oil","Consumption Pattern",2021,2
"Iceland","Residual fuel oil","Net Deliveries",2021,2
"Iceland","Total gas oil production","Consumption Pattern",2021,2
"Iceland","Total gas oil production","Net Deliveries",2021,2
"Iceland","Total kerosene production","Net Deliveries",2021,2
"Iceland","Total oil production","Consumption Pattern",2021,2
"Iceland","Total oil products production","Consumption Pattern",2021,2
"Iceland","Total oil products production","Net Deliveries",2021,2
"Ireland","Crude oil","Consumption Pattern",2021,2
"Ireland","Crude oil","Industrial Production",2021,2
"Ireland","Gasoline and diesel","Net Deliveries",2021,2
"Ireland","Liquified Petroleum Gas","Net Deliveries",2021,2
"Ireland","Middle distillates","Consumption Pattern",2021,2
"Ireland","Naphtha","Net Deliveries",2021,2
"Ireland","Other oil products","Net Deliveries",2021,2
"Ireland","Residual fuel oil","Consumption Pattern",2021,2
"Ireland","Residual fuel oil","Net Deliveries",2021,2
"Ireland","Total gas oil production","Consumption Pattern",2021,2
"Ireland","Total gas oil production","Net Deliveries",2021,2
"Ireland","Total kerosene production","Net Deliveries",2021,2
"Ireland","Total oil production","Consumption Pattern",2021,2
"Ireland","Total oil products production","Consumption Pattern",2021,2
"Ireland","Total oil products production","Net Deliveries",2021,2
"Israel","Crude oil","Consumption Pattern",2021,2
"Israel","Crude oil","Industrial Production",2021,2
"Israel","Gasoline and diesel","Net Deliveries",2021,2
"Israel","Liquified Petroleum Gas","Net Deliveries",2021,2
"Israel","Middle distillates","Consumption Pattern",2021,2
"Israel","Naphtha","Net Deliveries",2021,2
"Israel","Other oil products","Net Deliveries",2021,2
"Israel","Residual fuel oil","Consumption Pattern",2021,2
"Israel","Residual fuel oil","Net Deliveries",2021,2
"Israel","Total gas oil production","Consumption Pattern",2021,2
"Israel","Total gas oil production","Net Deliveries",2021,2
"Israel","Total kerosene production","Net Deliveries",2021,2
"Israel","Total oil production","Consumption Pattern",2021,2
"Israel","Total oil products production","Consumption Pattern",2021,2
"Israel","Total oil products production","Net Deliveries",2021,2
"Italy","Crude oil","Consumption Pattern",2021,2
"Italy","Crude oil","Industrial Production",2021,2
"Italy","Gasoline and diesel","Net Deliveries",2021,2
"Italy","Liquified Petroleum Gas","Net Deliveries",2021,2
"Italy","Middle distillates","Consumption Pattern",2021,2
"Italy","Naphtha","Net Deliveries",2021,2
"Italy","Other oil products","Net Deliveries",2021,2
"Italy","Residual fuel oil","Consumption Pattern",2021,2
"Italy","Residual fuel oil","Net Deliveries",2021,2
"Italy","Total gas oil production","Consumption Pattern",2021,2
"Italy","Total gas oil production","Net Deliveries",2021,2
"Italy","Total kerosene production","Net Deliveries",2021,2
"Italy","Total oil production","Consumption Pattern",2021,2
"Italy","Total oil products production","Consumption Pattern",2021,2
"Italy","Total oil products production","Net Deliveries",2021,2
"Japan","Crude oil","Consumption Pattern",2021,2
"Japan","Crude oil","Industrial Production",2021,2
"Japan","Gasoline and diesel","Net Deliveries",2021,2
"Japan","Liquified Petroleum Gas","Net Deliveries",2021,2
"Japan","Middle distillates","Consumption Pattern",2021,2
"Japan","Naphtha","Net Deliveries",2021,2
"Japan","Other oil products","Net Deliveries",2021,2
"Japan","Residual fuel oil","Consumption Pattern",2021,2
"Japan","Residual fuel oil","Net Deliveries",2021,2
"Japan","Total gas oil production","Consumption Pattern",2021,2
"Japan","Total gas oil production","Net Deliveries",2021,2
"Japan","Total kerosene production","Net Deliveries",2021,2
"Japan","Total oil production","Consumption Pattern",2021,2
"Japan","Total oil products production","Consumption Pattern",2021,2
"Japan","Total oil products production","Net Deliveries",2021,2
"Latvia","Crude oil","Consumption Pattern",2021,2
"Latvia","Crude oil","Industrial Production",2021,2
"Latvia","Gasoline and diesel","Net Deliveries",2021,2
"Latvia","Liquified Petroleum Gas","Net Deliveries",2021,2
"Latvia","Middle distillates","Consumption Pattern",2021,2
"Latvia","Naphtha","Net Deliveries",2021,2
"Latvia","Other oil products","Net Deliveries",2021,2
"Latvia","Residual fuel oil","Consumption Pattern",2021,2
"Latvia","Residual fuel oil","Net Deliveries",2021,2
"Latvia","Total gas oil production","Consumption Pattern",2021,2
"Latvia","Total gas oil production","Net Deliveries",2021,2
"Latvia","Total kerosene production","Net Deliveries",2021,2
"Latvia","Total oil production","Consumption Pattern",2021,2
"Latvia","Total oil products production","Consumption Pattern",2021,2
"Latvia","Total oil products production","Net Deliveries",2021,2
"Lithuania","Crude oil","Consumption Pattern",2021,2
"Lithuania","Crude oil","Industrial Production",2021,2
"Lithuania","Gasoline and diesel","Net Deliveries",2021,2
"Lithuania","Liquified Petroleum Gas","Net Deliveries",2021,2
"Lithuania","Middle distillates","Consumption Pattern",2021,2
"Lithuania","Naphtha","Net Deliveries",2021,2
"Lithuania","Other oil products","Net Deliveries",2021,2
"Lithuania","Residual fuel oil","Consumption Pattern",2021,2
"Lithuania","Residual fuel oil","Net Deliveries",2021,2
"Lithuania","Total gas oil production","Consumption Pattern",2021,2
"Lithuania","Total gas oil production","Net Deliveries",2021,2
"Lithuania","Total kerosene production","Net Deliveries",2021,2
"Lithuania","Total oil production","Consumption Pattern",2021,2
"Lithuania","Total oil products production","Consumption Pattern",2021,2
"Lithuania","Total oil products production","Net Deliveries",2021,2
"Luxembourg","Crude oil","Consumption Pattern",2021,2
"Luxembourg","Crude oil","Industrial Production",2021,2
"Luxembourg","Gasoline and diesel","Net Deliveries",2021,2
"Luxembourg","Liquified Petroleum Gas","Net Deliveries",2021,2
"Luxembourg","Middle distillates","Consumption Pattern",2021,2
"Luxembourg","Naphtha","Net Deliveries",2021,2
"Luxembourg","Other oil products","Net Deliveries",2021,2
"Luxembourg","Residual fuel oil","Consumption Pattern",2021,2
"Luxembourg","Residual fuel oil","Net Deliveries",2021,2
"Luxembourg","Total gas oil production","Consumption Pattern",2021,2
"Luxembourg","Total gas oil production","Net Deliveries",2021,2
"Luxembourg","Total kerosene production","Net Deliveries",2021,2
"Luxembourg","Total oil production","Consumption Pattern",2021,2
"Luxembourg","Total oil products production","Consumption Pattern",2021,2
"Luxembourg","Total oil products production","Net Deliveries",2021,2
"Mexico","Crude oil","Consumption Pattern",2021,2
"Mexico","Crude oil","Industrial Production",2021,2
"Mexico","Gasoline and diesel","Net Deliveries",2021,2
"Mexico","Liquified Petroleum Gas","Net Deliveries",2021,2
"Mexico","Middle distillates","Consumption Pattern",2021,2
"Mexico","Naphtha","Net Deliveries",2021,2
"Mexico","Other oil products","Net Deliveries",2021,2
"Mexico","Residual fuel oil","Consumption Pattern",2021,2
"Mexico","Residual fuel oil","Net Deliveries",2021,2
"Mexico","Total gas oil production","Consumption Pattern",2021,2
"Mexico","Total gas oil production","Net Deliveries",2021,2
"Mexico","Total kerosene production","Net Deliveries",2021,2
"Mexico","Total oil production","Consumption Pattern",2021,2
"Mexico","Total oil products production","Consumption Pattern",2021,2
"Mexico","Total oil products production","Net Deliveries",2021,2
"Netherlands","Crude oil","Consumption Pattern",2021,2
"Netherlands","Crude oil","Industrial Production",2021,2
"Netherlands","Gasoline and diesel","Net Deliveries",2021,2
"Netherlands","Liquified Petroleum Gas","Net Deliveries",2021,2
"Netherlands","Middle distillates","Consumption Pattern",2021,2
"Netherlands","Naphtha","Net Deliveries",2021,2
"Netherlands","Other oil products","Net Deliveries",2021,2
"Netherlands","Residual fuel oil","Consumption Pattern",2021,2
"Netherlands","Residual fuel oil","Net Deliveries",2021,2
"Netherlands","Total gas oil production","Consumption Pattern",2021,2
"Netherlands","Total gas oil production","Net Deliveries",2021,2
"Netherlands","Total kerosene production","Net Deliveries",2021,2
"Netherlands","Total oil production","Consumption Pattern",2021,2
"Netherlands","Total oil products production","Consumption Pattern",2021,2
"Netherlands","Total oil products production","Net Deliveries",2021,2
"New Zealand","Crude oil","Consumption Pattern",2021,2
"New Zealand","Crude oil","Industrial Production",2021,2
"New Zealand","Gasoline and diesel","Net Deliveries",2021,2
"New Zealand","Liquified Petroleum Gas","Net Deliveries",2021,2
"New Zealand","Middle distillates","Consumption Pattern",2021,2
"New Zealand","Naphtha","Net Deliveries",2021,2
"New Zealand","Other oil products","Net Deliveries",2021,2
"New Zealand","Residual fuel oil","Consumption Pattern",2021,2
"New Zealand","Residual fuel oil","Net Deliveries",2021,2
"New Zealand","Total gas oil production","Consumption Pattern",2021,2
"New Zealand","Total gas oil production","Net Deliveries",2021,2
"New Zealand","Total kerosene production","Net Deliveries",2021,2
"New Zealand","Total oil production","Consumption Pattern",2021,2
"New Zealand","Total oil products production","Consumption Pattern",2021,2
"New Zealand","Total oil products production","Net Deliveries",2021,2
"Norway","Crude oil","Consumption Pattern",2021,2
"Norway","Crude oil","Industrial Production",2021,2
"Norway","Gasoline and diesel","Net Deliveries",2021,2
"Norway","Liquified Petroleum Gas","Net Deliveries",2021,2
"Norway","Middle distillates","Consumption Pattern",2021,2
"Norway","Naphtha","Net Deliveries",2021,2
"Norway","Other oil products","Net Deliveries",2021,2
"Norway","Residual fuel oil","Consumption Pattern",2021,2
"Norway","Residual fuel oil","Net Deliveries",2021,2
"Norway","Total gas oil production","Consumption Pattern",2021,2
"Norway","Total gas oil production","Net Deliveries",2021,2
"Norway","Total kerosene production","Net Deliveries",2021,2
"Norway","Total oil production","Consumption Pattern",2021,2
"Norway","Total oil products production","Consumption Pattern",2021,2
"Norway","Total oil products production","Net Deliveries",2021,2
"Poland","Crude oil","Consumption Pattern",2021,2
"Poland","Crude oil","Industrial Production",2021,2
"Poland","Gasoline and diesel","Net Deliveries",2021,2
"Poland","Liquified Petroleum Gas","Net Deliveries",2021,2
"Poland","Middle distillates","Consumption Pattern",2021,2
"Poland","Naphtha","Net Deliveries",2021,2
"Poland","Other oil products","Net Deliveries",2021,2
"Poland","Residual fuel oil","Consumption Pattern",2021,2
"Poland","Residual fuel oil","Net Deliveries",2021,2
"Poland","Total gas oil production","Consumption Pattern",2021,2
"Poland","Total gas oil production","Net Deliveries",2021,2
"Poland","Total kerosene production","Net Deliveries",2021,2
"Poland","Total oil production","Consumption Pattern",2021,2
"Poland","Total oil products production","Consumption Pattern",2021,2
"Poland","Total oil products production","Net Deliveries",2021,2
"Portugal","Crude oil","Consumption Pattern",2021,2
"Portugal","Crude oil","Industrial Production",2021,2
"Portugal","Gasoline and diesel","Net Deliveries",2021,2
"Portugal","Liquified Petroleum Gas","Net Deliveries",2021,2
"Portugal","Middle distillates","Consumption Pattern",2021,2
"Portugal","Naphtha","Net Deliveries",2021,2
"Portugal","Other oil products","Net Deliveries",2021,2
"Portugal","Residual fuel oil","Consumption Pattern",2021,2
"Portugal","Residual fuel oil","Net Deliveries",2021,2
"Portugal","Total gas oil production","Consumption Pattern",2021,2
"Portugal","Total gas oil production","Net Deliveries",2021,2
"Portugal","Total kerosene production","Net Deliveries",2021,2
"Portugal","Total oil production","Consumption Pattern",2021,2
"Portugal","Total oil products production","Consumption Pattern",2021,2
"Portugal","Total oil products production","Net Deliveries",2021,2
"Slovakia","Crude oil","Consumption Pattern",2021,2
"Slovakia","Crude oil","Industrial Production",2021,2
"Slovakia","Gasoline and diesel","Net Deliveries",2021,2
"Slovakia","Liquified Petroleum Gas","Net Deliveries",2021,2
"Slovakia","Middle distillates","Consumption Pattern",2021,2
"Slovakia","Naphtha","Net Deliveries",2021,2
"Slovakia","Other oil products","Net Deliveries",2021,2
"Slovakia","Residual fuel oil","Consumption Pattern",2021,2
"Slovakia","Residual fuel oil","Net Deliveries",2021,2
"Slovakia","Total gas oil production","Consumption Pattern",2021,2
"Slovakia","Total gas oil production","Net Deliveries",2021,2
"Slovakia","Total kerosene production","Net Deliveries",2021,2
"Slovakia","Total oil production","Consumption Pattern",2021,2
"Slovakia","Total oil products production","Consumption Pattern",2021,2
"Slovakia","Total oil products production","Net Deliveries",2021,2
"Slovenia","Crude oil","Consumption Pattern",2021,2
"Slovenia","Crude oil","Industrial Production",2021,2
"Slovenia","Gasoline and diesel","Net Deliveries",2021,2
"Slovenia","Liquified Petroleum Gas","Net Deliveries",2021,2
"Slovenia","Middle distillates","Consumption Pattern",2021,2
"Slovenia","Naphtha","Net Deliveries",2021,2
"Slovenia","Other oil products","Net Deliveries",2021,2
"Slovenia","Residual fuel oil","Consumption Pattern",2021,2
"Slovenia","Residual fuel oil","Net Deliveries",2021,2
"Slovenia","Total gas oil production","Consumption Pattern",2021,2
"Slovenia","Total gas oil production","Net Deliveries",2021,2
"Slovenia","Total kerosene production","Net Deliveries",2021,2
"Slovenia","Total oil production","Consumption Pattern",2021,2
"Slovenia","Total oil products production","Consumption Pattern",2021,2
"Slovenia","Total oil products production","Net Deliveries",2021,2
"South Korea","Crude oil","Consumption Pattern",2021,2
"South Korea","Crude oil","Industrial Production",2021,2
"South Korea","Gasoline and diesel","Net Deliveries",2021,2
"South Korea","Liquified Petroleum Gas","Net Deliveries",2021,2
"South Korea","Middle distillates","Consumption Pattern",2021,2
"South Korea","Naphtha","Net Deliveries",2021,2
"South Korea","Other oil products","Net Deliveries",2021,2
"South Korea","Residual fuel oil","Consumption Pattern",2021,2
"South Korea","Residual fuel oil","Net Deliveries",2021,2
"South Korea","Total gas oil production","Consumption Pattern",2021,2
"South Korea","Total gas oil production","Net Deliveries",2021,2
"South Korea","Total kerosene production","Net Deliveries",2021,2
"South Korea","Total oil production","Consumption Pattern",2021,2
"South Korea","Total oil products production","Consumption Pattern",2021,2
"South Korea","Total oil products production","Net Deliveries",2021,2
"Spain","Crude oil","Consumption Pattern",2021,2
"Spain","Crude oil","Industrial Production",2021,2
"Spain","Gasoline and diesel","Net Deliveries",2021,2
"Spain","Liquified Petroleum Gas","Net Deliveries",2021,2
"Spain","Middle distillates","Consumption Pattern",2021,2
"Spain","Naphtha","Net Deliveries",2021,2
"Spain","Other oil products","Net Deliveries",2021,2
"Spain","Residual fuel oil","Consumption Pattern",2021,2
"Spain","Residual fuel oil","Net Deliveries",2021,2
"Spain","Total gas oil production","Consumption Pattern",2021,2
"Spain","Total gas oil production","Net Deliveries",2021,2
"Spain","Total kerosene production","Net Deliveries",2021,2
"Spain","Total oil production","Consumption Pattern",2021,2
"Spain","Total oil products production","Consumption Pattern",2021,2
"Spain","Total oil products production","Net Deliveries",2021,2
"Sweden","Crude oil","Consumption Pattern",2021,2
"Sweden","Crude oil","Industrial Production",2021,2
"Sweden","Gasoline and diesel","Net Deliveries",2021,2
"Sweden","Liquified Petroleum Gas","Net Deliveries",2021,2
"Sweden","Middle distillates","Consumption Pattern",2021,2
"Sweden","Naphtha","Net Deliveries",2021,2
"Sweden","Other oil products","Net Deliveries",2021,2
"Sweden","Residual fuel oil","Consumption Pattern",2021,2
"Sweden","Residual fuel oil","Net Deliveries",2021,2
"Sweden","Total gas oil production","Consumption Pattern",2021,2
"Sweden","Total gas oil production","Net Deliveries",2021,2
"Sweden","Total kerosene production","Net Deliveries",2021,2
"Sweden","Total oil production","Consumption Pattern",2021,2
"Sweden","Total oil products production","Consumption Pattern",2021,2
"Sweden","Total oil products production","Net Deliveries",2021,2
"Switzerland","Crude oil","Consumption Pattern",2021,2
"Switzerland","Crude oil","Industrial Production",2021,2
"Switzerland","Gasoline and diesel","Net Deliveries",2021,2
"Switzerland","Liquified Petroleum Gas","Net Deliveries",2021,2
"Switzerland","Middle distillates","Consumption Pattern",2021,2
"Switzerland","Naphtha","Net Deliveries",2021,2
"Switzerland","Other oil products","Net Deliveries",2021,2
"Switzerland","Residual fuel oil","Consumption Pattern",2021,2
"Switzerland","Residual fuel oil","Net Deliveries",2021,2
"Switzerland","Total gas oil production","Consumption Pattern",2021,2
"Switzerland","Total gas oil production","Net Deliveries",2021,2
"Switzerland","Total kerosene production","Net Deliveries",2021,2
"Switzerland","Total oil production","Consumption Pattern",2021,2
"Switzerland","Total oil products production","Consumption Pattern",2021,2
"Switzerland","Total oil products production","Net Deliveries",2021,2
"Türkiye","Crude oil","Consumption Pattern",2021,2
"Türkiye","Crude oil","Industrial Production",2021,2
"Türkiye","Gasoline and diesel","Net Deliveries",2021,2
"Türkiye","Liquified Petroleum Gas","Net Deliveries",2021,2
"Türkiye","Middle distillates","Consumption Pattern",2021,2
"Türkiye","Naphtha","Net Deliveries",2021,2
"Türkiye","Other oil products","Net Deliveries",2021,2
"Türkiye","Residual fuel oil","Consumption Pattern",2021,2
"Türkiye","Residual fuel oil","Net Deliveries",2021,2
"Türkiye","Total gas oil production","Consumption Pattern",2021,2
"Türkiye","Total gas oil production","Net Deliveries",2021,2
"Türkiye","Total kerosene production","Net Deliveries",2021,2
"Türkiye","Total oil production","Consumption Pattern",2021,2
"Türkiye","Total oil products production","Consumption Pattern",2021,2
"Türkiye","Total oil products production","Net Deliveries",2021,2
"United Kingdom","Crude oil","Consumption Pattern",2021,2
"United Kingdom","Crude oil","Industrial Production",2021,2
"United Kingdom","Gasoline and diesel","Net Deliveries",2021,2
"United Kingdom","Liquified Petroleum Gas","Net Deliveries",2021,2
"United Kingdom","Middle distillates","Consumption Pattern",2021,2
"United Kingdom","Naphtha","Net Deliveries",2021,2
"United Kingdom","Other oil products","Net Deliveries",2021,2
"United Kingdom","Residual fuel oil","Consumption Pattern",2021,2
"United Kingdom","Residual fuel oil","Net Deliveries",2021,2
"United Kingdom","Total gas oil production","Consumption Pattern",2021,2
"United Kingdom","Total gas oil production","Net Deliveries",2021,2
"United Kingdom","Total kerosene production","Net Deliveries",2021,2
"United Kingdom","Total oil production","Consumption Pattern",2021,2
"United Kingdom","Total oil products production","Consumption Pattern",2021,2
"United Kingdom","Total oil products production","Net Deliveries",2021,2
"United States","Crude oil","Consumption Pattern",2021,2
"United States","Crude oil","Industrial Production",2021,2
"United States","Gasoline and diesel","Net Deliveries",2021,2
"United States","Liquified Petroleum Gas","Net Deliveries",2021,2
"United States","Middle distillates","Consumption Pattern",2021,2
"United States","Naphtha","Net Deliveries",2021,2
"United States","Other oil products","Net Deliveries",2021,2
"United States","Residual fuel oil","Consumption Pattern",2021,2
"United States","Residual fuel oil","Net Deliveries",2021,2
"United States","Total gas oil production","Consumption Pattern",2021,2
"United States","Total gas oil production","Net Deliveries",2021,2
"United States","Total kerosene production","Net Deliveries",2021,2
"United States","Total oil production","Consumption Pattern",2021,2
"United States","Total oil products production","Consumption Pattern",2021,2
"United States","Total oil products production","Net Deliveries",2021,2
