raw_row_number,Refinery,Type,Work shift,Origin Departure Date,Destination Arrival Date,Origin Net Weight,Destination Net Weight,origin_weight_numeric,destination_weight_numeric,destination_minus_origin,absolute_weight_difference,is_largest_absolute_difference,is_smallest_absolute_difference
2,Tehran,VB,Day shift,1398/12/28,1399/01/01,23720,23700,23720,23700,-20,20,FALSE,FALSE
3,Tehran,VB,Day shift,1398/12/27,1399/01/01,26080,25980,26080,25980,-100,100,FALSE,FALSE
4,Tehran,VB,Day shift,1398/12/28,1399/01/01,23260,23700,23260,23700,440,440,FALSE,FALSE
5,Tehran,VB,Day shift,1398/12/29,1399/01/02,26380,26300,26380,26300,-80,80,FALSE,FALSE
6,Tehran,VB,Day shift,1398/12/28,1399/01/02,25920,25900,25920,25900,-20,20,FALSE,FALSE
7,Tehran,VB,Day shift,1398/12/29,1399/01/02,24200,24200,24200,24200,0,0,FALSE,TRUE
8,Tehran,VB,Day shift,1399/01/01,1399/01/03,26600,26680,26600,26680,80,80,FALSE,FALSE
9,Tehran,VB,Day shift,1399/01/02,1399/01/03,23880,23940,23880,23940,60,60,FALSE,FALSE
10,Tehran,VB,Day shift,1399/01/01,1399/01/03,25920,25880,25920,25880,-40,40,FALSE,FALSE
11,Tehran,VB,Day shift,1399/01/01,1399/01/03,24540,24510,24540,24510,-30,30,FALSE,FALSE
12,Pars Petrochemical,C5+,Day shift,1398/12/27,1399/01/03,26710,26670,26710,26670,-40,40,FALSE,FALSE
13,Tehran,VB,Day shift,1398/12/29,1399/01/03,24940,24860,24940,24860,-80,80,FALSE,FALSE
14,Tehran,VB,Day shift,1399/01/02,1399/01/03,24460,24460,24460,24460,0,0,FALSE,TRUE
15,Tehran,VB,Day shift,1399/01/02,1399/01/04,26960,26920,26960,26920,-40,40,FALSE,FALSE
16,Tehran,VB,Day shift,1399/01/02,1399/01/03,23800,23830,23800,23830,30,30,FALSE,FALSE
17,Tehran,VB,Day shift,1399/01/02,1399/01/04,26720,26660,26720,26660,-60,60,FALSE,FALSE
18,Tehran,VB,Day shift,1399/01/03,1399/01/05,25920,25930,25920,25930,10,10,FALSE,FALSE
19,Tehran,VB,Day shift,1399/01/03,1399/01/05,24500,24500,24500,24500,0,0,FALSE,TRUE
20,Tehran,VB,Day shift,1399/01/04,1399/01/05,25460,25490,25460,25490,30,30,FALSE,FALSE
21,Tehran,VB,Day shift,1399/01/04,1399/01/06,26660,26640,26660,26640,-20,20,FALSE,FALSE
22,Tehran,VB,Day shift,1399/01/03,1399/01/05,23480,23470,23480,23470,-10,10,FALSE,FALSE
23,Tehran,VB,Day shift,1399/01/05,1399/01/06,24360,24410,24360,24410,50,50,FALSE,FALSE
24,Tehran,VB,Day shift,1399/01/04,1399/01/06,23820,23830,23820,23830,10,10,FALSE,FALSE
25,Tehran,VB,Day shift,1399/01/05,1399/01/06,23660,23730,23660,23730,70,70,FALSE,FALSE
26,Tehran,VB,Day shift,1399/01/05,1399/01/06,25980,25990,25980,25990,10,10,FALSE,FALSE
27,Tehran,VB,Day shift,1399/01/05,1399/01/06,25100,25110,25100,25110,10,10,FALSE,FALSE
28,Tehran,VB,Day shift,1399/01/05,1399/01/06,23280,23240,23280,23240,-40,40,FALSE,FALSE
29,Tehran,VB,Day shift,1399/01/05,1399/01/06,22880,22860,22880,22860,-20,20,FALSE,FALSE
30,Tehran,VB,Day shift,1399/01/04,1399/01/06,25140,25140,25140,25140,0,0,FALSE,TRUE
31,Tehran,VB,Day shift,1399/01/04,1399/01/06,26180,26130,26180,26130,-50,50,FALSE,FALSE
32,Tehran,VB,Day shift,1399/01/05,1399/01/07,26160,26360,26160,26360,200,200,FALSE,FALSE
33,Tehran,VB,Day shift,1399/01/05,1399/01/07,26360,26360,26360,26360,0,0,FALSE,TRUE
34,Tehran,VB,Day shift,1399/01/05,1399/01/07,25200,25220,25200,25220,20,20,FALSE,FALSE
35,Tehran,VB,Day shift,1399/01/05,1399/01/07,24440,24390,24440,24390,-50,50,FALSE,FALSE
36,Tehran,VB,Day shift,1399/01/05,1399/01/07,23140,23210,23140,23210,70,70,FALSE,FALSE
37,Pars Petrochemical,C5+,Day shift,1398/12/29,1399/01/07,26360,26380,26360,26380,20,20,FALSE,FALSE
38,Tehran,VB,Day shift,1399/01/06,1399/01/07,25280,25250,25280,25250,-30,30,FALSE,FALSE
39,Tehran,VB,Day shift,1399/01/05,1399/01/07,24220,24190,24220,24190,-30,30,FALSE,FALSE
40,Tehran,VB,Day shift,1399/01/05,1399/01/07,24380,24340,24380,24340,-40,40,FALSE,FALSE
41,Tehran,VB,Day shift,1399/01/06,1399/01/07,24200,24140,24200,24140,-60,60,FALSE,FALSE
42,Tehran,VB,Day shift,1399/01/05,1399/01/07,23820,23820,23820,23820,0,0,FALSE,TRUE
43,Tehran,VB,Day shift,1399/01/05,1399/01/07,23420,23410,23420,23410,-10,10,FALSE,FALSE
44,Tehran,VB,Day shift,1399/01/06,1399/01/08,23780,23790,23780,23790,10,10,FALSE,FALSE
45,Tehran,VB,Day shift,1399/01/06,1399/01/08,24400,24370,24400,24370,-30,30,FALSE,FALSE
46,Tehran,VB,Day shift,1399/01/06,1399/01/08,24460,24430,24460,24430,-30,30,FALSE,FALSE
47,Tehran,VB,Day shift,1399/01/07,1399/01/08,24600,24570,24600,24570,-30,30,FALSE,FALSE
48,Tehran,VB,Day shift,1399/01/07,1399/01/08,23880,23840,23880,23840,-40,40,FALSE,FALSE
49,Tehran,VB,Day shift,1399/01/06,1399/01/09,24680,24720,24680,24720,40,40,FALSE,FALSE
50,Tehran,VB,Day shift,1399/01/06,1399/01/09,24660,24620,24660,24620,-40,40,FALSE,FALSE
51,Tehran,VB,Day shift,1399/01/06,1399/01/09,27080,27030,27080,27030,-50,50,FALSE,FALSE
52,Pars Petrochemical,C5+,Day shift,1399/01/18,1399/01/20,24080,24060,24080,24060,-20,20,FALSE,FALSE
53,Pars Petrochemical,C5+,Day shift,1399/01/20,1399/01/22,28340,28320,28340,28320,-20,20,FALSE,FALSE
54,Shiraz,VB,Night shift,1399/01/25,1399/01/25,24660,24640,24660,24640,-20,20,FALSE,FALSE
55,Shiraz,VB,Night shift,1399/01/25,1399/01/25,22090,22040,22090,22040,-50,50,FALSE,FALSE
56,Shiraz,VB,Night shift,1399/01/25,1399/01/25,25000,25030,25000,25030,30,30,FALSE,FALSE
57,Shiraz,VB,Night shift,1399/01/25,1399/01/26,24530,24500,24530,24500,-30,30,FALSE,FALSE
58,Shiraz,VB,Night shift,1399/01/25,1399/01/26,23300,23290,23300,23290,-10,10,FALSE,FALSE
59,Shiraz,VB,Night shift,1399/01/25,1399/01/26,25460,25390,25460,25390,-70,70,FALSE,FALSE
60,Shiraz,VB,Night shift,1399/01/25,1399/01/26,23920,24010,23920,24010,90,90,FALSE,FALSE
61,Shiraz,VB,Day shift,1399/01/25,1399/01/26,22480,22440,22480,22440,-40,40,FALSE,FALSE
62,Shiraz,VB,Day shift,1399/01/25,1399/01/26,22770,22760,22770,22760,-10,10,FALSE,FALSE
63,Shiraz,VB,Day shift,1399/01/25,1399/01/26,23750,23730,23750,23730,-20,20,FALSE,FALSE
64,Shiraz,VB,Day shift,1399/01/25,1399/01/26,26620,26600,26620,26600,-20,20,FALSE,FALSE
65,Shiraz,VB,Day shift,1399/01/25,1399/01/26,24930,24900,24930,24900,-30,30,FALSE,FALSE
66,Shiraz,VB,Day shift,1399/01/25,1399/01/26,25220,25220,25220,25220,0,0,FALSE,TRUE
67,Shiraz,VB,Day shift,1399/01/25,1399/01/26,25830,25700,25830,25700,-130,130,FALSE,FALSE
68,Shiraz,VB,Day shift,1399/01/25,1399/01/26,23800,23790,23800,23790,-10,10,FALSE,FALSE
69,Shiraz,VB,Day shift,1399/01/25,1399/01/26,24250,24230,24250,24230,-20,20,FALSE,FALSE
70,Shiraz,VB,Day shift,1399/01/25,1399/01/26,22650,22640,22650,22640,-10,10,FALSE,FALSE
71,Shiraz,VB,Day shift,1399/01/25,1399/01/26,23470,23450,23470,23450,-20,20,FALSE,FALSE
72,Shiraz,VB,Day shift,1399/01/25,1399/01/26,24380,24390,24380,24390,10,10,FALSE,FALSE
73,Shiraz,VB,Day shift,1399/01/25,1399/01/26,24850,24850,24850,24850,0,0,FALSE,TRUE
74,Shiraz,VB,Day shift,1399/01/25,1399/01/26,24480,24460,24480,24460,-20,20,FALSE,FALSE
75,Shiraz,VB,Day shift,1399/01/25,1399/01/26,25340,25320,25340,25320,-20,20,FALSE,FALSE
76,Shiraz,VB,Day shift,1399/01/26,1399/01/26,24240,24210,24240,24210,-30,30,FALSE,FALSE
77,Shiraz,VB,Day shift,1399/01/25,1399/01/26,24720,24700,24720,24700,-20,20,FALSE,FALSE
78,Shiraz,VB,Day shift,1399/01/26,1399/01/26,25840,25820,25840,25820,-20,20,FALSE,FALSE
79,Shiraz,VB,Night shift,1399/01/25,1399/01/26,24520,24450,24520,24450,-70,70,FALSE,FALSE
80,Shiraz,VB,Night shift,1399/01/25,1399/01/26,24410,24310,24410,24310,-100,100,FALSE,FALSE
81,Shiraz,VB,Night shift,1399/01/25,1399/01/26,24520,24450,24520,24450,-70,70,FALSE,FALSE
82,Shiraz,VB,Night shift,1399/01/25,1399/01/26,25150,25200,25150,25200,50,50,FALSE,FALSE
83,Shiraz,VB,Night shift,1399/01/25,1399/01/26,25270,25290,25270,25290,20,20,FALSE,FALSE
84,Shiraz,VB,Night shift,1399/01/26,1399/01/26,23140,23170,23140,23170,30,30,FALSE,FALSE
85,Shiraz,VB,Night shift,1399/01/26,1399/01/26,24250,24220,24250,24220,-30,30,FALSE,FALSE
86,Shiraz,VB,Night shift,1399/01/26,1399/01/26,24550,24530,24550,24530,-20,20,FALSE,FALSE
87,Shiraz,VB,Night shift,1399/01/26,1399/01/27,24720,24700,24720,24700,-20,20,FALSE,FALSE
88,Shiraz,VB,Day shift,1399/01/26,1399/01/27,22470,22470,22470,22470,0,0,FALSE,TRUE
89,Shiraz,VB,Day shift,1399/01/26,1399/01/27,24800,24870,24800,24870,70,70,FALSE,FALSE
90,Shiraz,VB,Day shift,1399/01/26,1399/01/27,24350,24210,24350,24210,-140,140,FALSE,FALSE
91,Shiraz,VB,Day shift,1399/01/26,1399/01/27,24250,24300,24250,24300,50,50,FALSE,FALSE
92,Shiraz,VB,Night shift,1399/01/26,1399/01/27,24350,23840,24350,23840,-510,510,TRUE,FALSE
93,Shiraz,VB,Night shift,1399/01/26,1399/01/27,24640,24590,24640,24590,-50,50,FALSE,FALSE
94,Shiraz,VB,Night shift,1399/01/27,1399/01/27,25260,25280,25260,25280,20,20,FALSE,FALSE
95,Shiraz,VB,Night shift,1399/01/26,1399/01/27,24840,24940,24840,24940,100,100,FALSE,FALSE
96,Shiraz,VB,Night shift,1399/01/26,1399/01/27,25320,25230,25320,25230,-90,90,FALSE,FALSE
97,Shiraz,VB,Night shift,1399/01/26,1399/01/27,24550,24330,24550,24330,-220,220,FALSE,FALSE
98,Shiraz,VB,Night shift,1399/01/26,1399/01/28,23210,23200,23210,23200,-10,10,FALSE,FALSE
99,Shiraz,VB,Night shift,1399/01/26,1399/01/28,25060,25020,25060,25020,-40,40,FALSE,FALSE
100,Shiraz,VB,Night shift,1399/01/27,1399/01/28,23790,23760,23790,23760,-30,30,FALSE,FALSE
101,Pars Petrochemical,C5+,Night shift,1399/01/26,1399/01/27,26980,26940,26980,26940,-40,40,FALSE,FALSE
102,Shiraz,VB,Day shift,1399/01/27,1399/01/28,25680,25710,25680,25710,30,30,FALSE,FALSE
103,Shiraz,VB,Night shift,1399/01/26,1399/01/28,23460,23570,23460,23570,110,110,FALSE,FALSE
104,Shiraz,VB,Day shift,1399/01/26,1399/01/29,23030,23030,23030,23030,0,0,FALSE,TRUE
105,Shiraz,VB,Day shift,1399/02/03,1399/02/04,25710,25640,25710,25640,-70,70,FALSE,FALSE
106,Shiraz,VB,Day shift,1399/02/03,1399/02/04,25440,25400,25440,25400,-40,40,FALSE,FALSE
107,Shiraz,VB,Day shift,1399/02/03,1399/02/04,24320,24310,24320,24310,-10,10,FALSE,FALSE
108,Shiraz,VB,Day shift,1399/02/03,1399/02/04,22500,22480,22500,22480,-20,20,FALSE,FALSE
109,Shiraz,VB,Day shift,1399/02/03,1399/02/04,24400,24370,24400,24370,-30,30,FALSE,FALSE
110,Shiraz,VB,Day shift,1399/02/03,1399/02/04,25240,25220,25240,25220,-20,20,FALSE,FALSE
111,Shiraz,VB,Day shift,1399/02/03,1399/02/04,22950,22920,22950,22920,-30,30,FALSE,FALSE
112,Shiraz,VB,Day shift,1399/02/03,1399/02/04,25770,25740,25770,25740,-30,30,FALSE,FALSE
113,Shiraz,VB,Day shift,1399/02/03,1399/02/04,24890,24820,24890,24820,-70,70,FALSE,FALSE
114,Shiraz,VB,Day shift,1399/02/03,1399/02/04,25230,25210,25230,25210,-20,20,FALSE,FALSE
115,Shiraz,VB,Day shift,1399/02/03,1399/02/04,25470,25430,25470,25430,-40,40,FALSE,FALSE
116,Shiraz,VB,Night shift,1399/02/04,1399/02/04,24200,24280,24200,24280,80,80,FALSE,FALSE
117,Shiraz,VB,Night shift,1399/02/03,1399/02/04,24850,24820,24850,24820,-30,30,FALSE,FALSE
118,Shiraz,VB,Night shift,1399/02/04,1399/02/04,24170,24120,24170,24120,-50,50,FALSE,FALSE
119,Shiraz,VB,Day shift,1399/02/04,1399/02/05,25140,25240,25140,25240,100,100,FALSE,FALSE
120,Shiraz,VB,Day shift,1399/02/04,1399/02/05,24780,24900,24780,24900,120,120,FALSE,FALSE
121,Shiraz,VB,Night shift,1399/02/05,1399/02/05,23630,23940,23630,23940,310,310,FALSE,FALSE
122,Shiraz,VB,Night shift,1399/02/05,1399/02/05,25420,25480,25420,25480,60,60,FALSE,FALSE
123,Shiraz,VB,Night shift,1399/02/05,1399/02/05,24560,24730,24560,24730,170,170,FALSE,FALSE
124,Shiraz,VB,Night shift,1399/02/05,1399/02/05,24040,24130,24040,24130,90,90,FALSE,FALSE
125,Shiraz,VB,Night shift,1399/02/04,1399/02/05,24470,24730,24470,24730,260,260,FALSE,FALSE
126,Shiraz,VB,Day shift,1399/02/04,1399/02/06,24290,24270,24290,24270,-20,20,FALSE,FALSE
127,Shiraz,VB,Night shift,1399/02/05,1399/02/06,23970,24040,23970,24040,70,70,FALSE,FALSE
128,Shiraz,VB,Day shift,1399/02/06,1399/02/07,25290,25280,25290,25280,-10,10,FALSE,FALSE
129,Shiraz,VB,Day shift,1399/02/06,1399/02/07,23990,24130,23990,24130,140,140,FALSE,FALSE
130,Shiraz,VB,Day shift,1399/02/06,1399/02/07,23770,24000,23770,24000,230,230,FALSE,FALSE
131,Shiraz,VB,Day shift,1399/02/06,1399/02/07,25250,25420,25250,25420,170,170,FALSE,FALSE
132,Shiraz,VB,Day shift,1399/02/06,1399/02/07,24310,24440,24310,24440,130,130,FALSE,FALSE
133,Shiraz,VB,Day shift,1399/02/06,1399/02/07,26230,26320,26230,26320,90,90,FALSE,FALSE
134,Shiraz,VB,Day shift,1399/02/06,1399/02/07,24300,24280,24300,24280,-20,20,FALSE,FALSE
135,Shiraz,VB,Night shift,1399/02/06,1399/02/07,22920,22930,22920,22930,10,10,FALSE,FALSE
136,Shiraz,VB,Day shift,1399/02/09,1399/02/10,24650,24590,24650,24590,-60,60,FALSE,FALSE
137,Pars Petrochemical,C5+,Night shift,1399/02/12,1399/02/14,26560,26560,26560,26560,0,0,FALSE,TRUE
138,Pars Petrochemical,C5+,Night shift,1399/02/20,1399/02/22,26940,26920,26940,26920,-20,20,FALSE,FALSE
139,Shiraz,VB,Night shift,1399/02/30,1399/02/31,24230,24440,24230,24440,210,210,FALSE,FALSE
140,Shiraz,VB,Night shift,1399/02/30,1399/02/31,25600,25570,25600,25570,-30,30,FALSE,FALSE
141,Shiraz,VB,Night shift,1399/02/30,1399/02/31,24180,24150,24180,24150,-30,30,FALSE,FALSE
142,Shiraz,VB,Day shift,1399/02/30,1399/02/31,24230,24270,24230,24270,40,40,FALSE,FALSE
143,Shiraz,VB,Day shift,1399/02/30,1399/02/31,24990,24970,24990,24970,-20,20,FALSE,FALSE
144,Shiraz,VB,Day shift,1399/02/30,1399/02/31,22160,22120,22160,22120,-40,40,FALSE,FALSE
145,Shiraz,VB,Day shift,1399/02/30,1399/02/31,25870,25860,25870,25860,-10,10,FALSE,FALSE
146,Shiraz,VB,Day shift,1399/02/30,1399/02/31,24530,24640,24530,24640,110,110,FALSE,FALSE
147,Shiraz,VB,Day shift,1399/02/30,1399/02/31,24850,24930,24850,24930,80,80,FALSE,FALSE
148,Shiraz,VB,Day shift,1399/02/30,1399/02/31,25160,25120,25160,25120,-40,40,FALSE,FALSE
149,Shiraz,VB,Day shift,1399/02/30,1399/02/31,22640,22700,22640,22700,60,60,FALSE,FALSE
150,Shiraz,VB,Day shift,1399/02/30,1399/02/31,25810,25760,25810,25760,-50,50,FALSE,FALSE
151,Shiraz,VB,Day shift,1399/02/30,1399/02/31,24450,24680,24450,24680,230,230,FALSE,FALSE
152,Shiraz,VB,Day shift,1399/02/31,1399/02/31,24280,24280,24280,24280,0,0,FALSE,TRUE
153,Shiraz,VB,Night shift,1399/02/30,1399/02/31,23750,23860,23750,23860,110,110,FALSE,FALSE
154,Shiraz,VB,Night shift,1399/02/31,1399/02/31,25250,25220,25250,25220,-30,30,FALSE,FALSE
155,Shiraz,VB,Night shift,1399/02/30,1399/02/31,26090,26220,26090,26220,130,130,FALSE,FALSE
156,Shiraz,VB,Night shift,1399/02/31,1399/02/31,22560,22570,22560,22570,10,10,FALSE,FALSE
157,Shiraz,VB,Night shift,1399/02/31,1399/02/31,26190,26230,26190,26230,40,40,FALSE,FALSE
158,Shiraz,VB,Night shift,1399/02/31,1399/02/31,24990,25110,24990,25110,120,120,FALSE,FALSE
159,Shiraz,VB,Night shift,1399/02/31,1399/02/31,25550,25530,25550,25530,-20,20,FALSE,FALSE
160,Shiraz,VB,Night shift,1399/02/31,1399/02/31,24630,24620,24630,24620,-10,10,FALSE,FALSE
161,Shiraz,VB,Night shift,1399/02/31,1399/02/31,24930,25060,24930,25060,130,130,FALSE,FALSE
162,Shiraz,VB,Night shift,1399/02/31,1399/02/31,21740,21760,21740,21760,20,20,FALSE,FALSE
163,Shiraz,VB,Night shift,1399/02/31,1399/02/31,23610,23660,23610,23660,50,50,FALSE,FALSE
164,Shiraz,VB,Day shift,1399/02/31,1399/03/01,24530,24570,24530,24570,40,40,FALSE,FALSE
165,Shiraz,VB,Day shift,1399/02/31,1399/03/01,15050,15110,15050,15110,60,60,FALSE,FALSE
166,Shiraz,VB,Evening shift,1399/02/31,1399/03/01,24240,24230,24240,24230,-10,10,FALSE,FALSE
167,Shiraz,VB,Evening shift,1399/02/31,1399/03/01,24070,24060,24070,24060,-10,10,FALSE,FALSE
168,Shiraz,VB,Evening shift,1399/02/31,1399/03/01,26880,26860,26880,26860,-20,20,FALSE,FALSE
169,Shiraz,VB,Evening shift,1399/02/31,1399/03/01,25010,25090,25010,25090,80,80,FALSE,FALSE
170,Shiraz,VB,Night shift,1399/02/31,1399/03/01,23170,23170,23170,23170,0,0,FALSE,TRUE
171,Shiraz,VB,Night shift,1399/03/01,1399/03/01,24470,24440,24470,24440,-30,30,FALSE,FALSE
172,Shiraz,VB,Night shift,1399/03/01,1399/03/01,25100,25080,25100,25080,-20,20,FALSE,FALSE
173,Shiraz,VB,Night shift,1399/02/31,1399/03/02,23880,23840,23880,23840,-40,40,FALSE,FALSE
174,Shiraz,VB,Night shift,1399/02/31,1399/03/02,26310,26300,26310,26300,-10,10,FALSE,FALSE
175,Shiraz,VB,Night shift,1399/03/01,1399/03/02,25790,25760,25790,25760,-30,30,FALSE,FALSE
176,Shiraz,VB,Night shift,1399/03/01,1399/03/02,23970,23940,23970,23940,-30,30,FALSE,FALSE
177,Shiraz,VB,Night shift,1399/03/01,1399/03/02,25310,25260,25310,25260,-50,50,FALSE,FALSE
178,Shiraz,VB,Night shift,1399/03/01,1399/03/02,24310,24290,24310,24290,-20,20,FALSE,FALSE
179,Shiraz,VB,Night shift,1399/02/31,1399/03/02,24150,24070,24150,24070,-80,80,FALSE,FALSE
180,Pars Petrochemical,C5+,Day shift,1399/02/31,1399/03/02,28200,28240,28200,28240,40,40,FALSE,FALSE
181,South Pars,Condensate,Evening shift,1399/03/04,1399/03/05,23767,23790,23767,23790,23,23,FALSE,FALSE
182,South Pars,Condensate,Evening shift,1399/03/04,1399/03/05,24430,24300,24430,24300,-130,130,FALSE,FALSE
183,South Pars,Condensate,Night shift,1399/03/04,1399/03/06,22381,22320,22381,22320,-61,61,FALSE,FALSE
184,South Pars,Condensate,Night shift,1399/03/06,1399/03/07,23481,23450,23481,23450,-31,31,FALSE,FALSE
185,South Pars,Condensate,Night shift,1399/03/07,1399/03/07,22330,22320,22330,22320,-10,10,FALSE,FALSE
186,Tehran,VB,Evening shift,1399/03/09,1399/03/10,25080,25040,25080,25040,-40,40,FALSE,FALSE
187,Tehran,VB,Evening shift,1399/03/09,1399/03/10,25570,25550,25570,25550,-20,20,FALSE,FALSE
188,Tehran,VB,Evening shift,1399/03/08,1399/03/10,23230,23190,23230,23190,-40,40,FALSE,FALSE
189,Tehran,VB,Night shift,1399/03/09,1399/03/10,25920,25900,25920,25900,-20,20,FALSE,FALSE
190,Tehran,VB,Night shift,1399/03/09,1399/03/10,28770,28720,28770,28720,-50,50,FALSE,FALSE
191,Tehran,VB,Night shift,1399/03/09,1399/03/10,26140,26070,26140,26070,-70,70,FALSE,FALSE
192,Tehran,VB,Night shift,1399/03/08,1399/03/11,24250,24160,24250,24160,-90,90,FALSE,FALSE
193,Tehran,VB,Night shift,1399/03/09,1399/03/11,23730,23690,23730,23690,-40,40,FALSE,FALSE
194,Tehran,VB,Night shift,1399/03/09,1399/03/10,24300,24300,24300,24300,0,0,FALSE,TRUE
195,Tehran,VB,Night shift,1399/03/08,1399/03/11,26040,26000,26040,26000,-40,40,FALSE,FALSE
196,Tehran,Iso-Recycle,Evening shift,1399/03/10,1399/03/11,25730,25730,25730,25730,0,0,FALSE,TRUE
197,Tehran,VB,Evening shift,1399/03/10,1399/03/11,23900,23840,23900,23840,-60,60,FALSE,FALSE
198,Tehran,VB,Evening shift,1399/03/09,1399/03/11,24410,24340,24410,24340,-70,70,FALSE,FALSE
199,Tehran,VB,Evening shift,1399/03/09,1399/03/11,24150,24090,24150,24090,-60,60,FALSE,FALSE
200,Tehran,Iso-Recycle,Evening shift,1399/03/10,1399/03/11,26510,26480,26510,26480,-30,30,FALSE,FALSE
201,Tehran,VB,Day shift,1399/03/10,1399/03/12,24600,24610,24600,24610,10,10,FALSE,FALSE
202,Tehran,VB,Day shift,1399/03/10,1399/03/12,24680,24670,24680,24670,-10,10,FALSE,FALSE
203,Tehran,Iso-Recycle,Evening shift,1399/03/10,1399/03/12,25550,25480,25550,25480,-70,70,FALSE,FALSE
204,Tehran,VB,Evening shift,1399/03/10,1399/03/12,23710,23640,23710,23640,-70,70,FALSE,FALSE
205,Pars Petrochemical,C5+,Night shift,1399/03/12,1399/03/12,22570,22610,22570,22610,40,40,FALSE,FALSE
206,Tehran,VB,Night shift,1399/03/09,1399/03/12,22580,22520,22580,22520,-60,60,FALSE,FALSE
207,Tehran,VB,Night shift,1399/03/11,1399/03/13,25030,25030,25030,25030,0,0,FALSE,TRUE
208,Tehran,Iso-Recycle,Night shift,1399/03/11,1399/03/13,26640,26620,26640,26620,-20,20,FALSE,FALSE
209,Tehran,VB,Evening shift,1399/03/11,1399/03/13,25120,25020,25120,25020,-100,100,FALSE,FALSE
210,Pars Petrochemical,C5+,Night shift,1399/03/13,1399/03/13,22460,22420,22460,22420,-40,40,FALSE,FALSE
211,South Pars,Condensate,Night shift,1399/03/13,1399/03/14,22734,22980,22734,22980,246,246,FALSE,FALSE
212,South Pars,Condensate,Night shift,1399/03/13,1399/03/14,23010,22620,23010,22620,-390,390,FALSE,FALSE
213,Pars Petrochemical,C5+,Night shift,1399/03/13,1399/03/13,21620,21660,21620,21660,40,40,FALSE,FALSE
214,Pars Petrochemical,C5+,Day shift,1399/03/13,1399/03/14,22560,22430,22560,22430,-130,130,FALSE,FALSE
215,South Pars,Condensate,Day shift,1399/03/13,1399/03/14,22788,22560,22788,22560,-228,228,FALSE,FALSE
216,Tehran,VB,Day shift,1399/03/12,1399/03/14,23920,23890,23920,23890,-30,30,FALSE,FALSE
217,Tehran,VB,Day shift,1399/03/12,1399/03/14,24210,24200,24210,24200,-10,10,FALSE,FALSE
218,Tehran,VB,Evening shift,1399/03/13,1399/03/14,22840,22780,22840,22780,-60,60,FALSE,FALSE
219,Pars Petrochemical,C5+,Evening shift,1399/03/13,1399/03/14,22720,22640,22720,22640,-80,80,FALSE,FALSE
220,Tehran,VB,Night shift,1399/03/13,1399/03/14,25880,25870,25880,25870,-10,10,FALSE,FALSE
221,Pars Petrochemical,C5+,Night shift,1399/03/14,1399/03/14,22260,22300,22260,22300,40,40,FALSE,FALSE
222,South Pars,Condensate,Night shift,1399/03/14,1399/03/15,22738,22840,22738,22840,102,102,FALSE,FALSE
223,Pars Petrochemical,C5+,Day shift,1399/03/14,1399/03/15,24110,24000,24110,24000,-110,110,FALSE,FALSE
224,Pars Petrochemical,C5+,Evening shift,1399/03/14,1399/03/15,21460,21390,21460,21390,-70,70,FALSE,FALSE
225,South Pars,Condensate,Evening shift,1399/03/14,1399/03/15,25245,25160,25245,25160,-85,85,FALSE,FALSE
226,Tehran,VB,Evening shift,1399/03/14,1399/03/15,24940,24910,24940,24910,-30,30,FALSE,FALSE
227,Pars Petrochemical,C5+,Night shift,1399/03/14,1399/03/15,21460,21500,21460,21500,40,40,FALSE,FALSE
228,Tehran,VB,Night shift,1399/03/13,1399/03/15,26840,26760,26840,26760,-80,80,FALSE,FALSE
229,Tehran,VB,Night shift,1399/03/13,1399/03/16,26120,26050,26120,26050,-70,70,FALSE,FALSE
230,Pars Petrochemical,C5+,Night shift,1399/03/14,1399/03/16,22260,22200,22260,22200,-60,60,FALSE,FALSE
231,Tehran,VB,Night shift,1399/03/14,1399/03/16,25515,25500,25515,25500,-15,15,FALSE,FALSE
232,Tehran,VB,Night shift,1399/03/14,1399/03/16,26525,26510,26525,26510,-15,15,FALSE,FALSE
233,Pars Petrochemical,C5+,Day shift,1399/03/15,1399/03/16,22720,22680,22720,22680,-40,40,FALSE,FALSE
234,Tehran,VB,Day shift,1399/03/14,1399/03/16,24140,24110,24140,24110,-30,30,FALSE,FALSE
235,Tehran,VB,Day shift,1399/03/14,1399/03/16,26455,26420,26455,26420,-35,35,FALSE,FALSE
236,Pars Petrochemical,C5+,Evening shift,1399/03/15,1399/03/16,21440,21380,21440,21380,-60,60,FALSE,FALSE
237,Tehran,VB,Night shift,1399/03/15,1399/03/17,25080,25030,25080,25030,-50,50,FALSE,FALSE
238,Tehran,VB,Night shift,1399/03/15,1399/03/17,23635,23600,23635,23600,-35,35,FALSE,FALSE
239,Pars Petrochemical,C5+,Day shift,1399/03/15,1399/03/15,22100,22020,22100,22020,-80,80,FALSE,FALSE
240,Pars Petrochemical,C5+,Evening shift,1399/03/15,1399/03/15,22310,22240,22310,22240,-70,70,FALSE,FALSE
241,Pars Petrochemical,C5+,Evening shift,1399/03/15,1399/03/16,22360,22400,22360,22400,40,40,FALSE,FALSE
242,Pars Petrochemical,C5+,Evening shift,1399/03/15,1399/03/16,22240,22420,22240,22420,180,180,FALSE,FALSE
243,Pars Petrochemical,C5+,Night shift,1399/03/16,1399/03/16,22450,22470,22450,22470,20,20,FALSE,FALSE
244,Pars Petrochemical,C5+,Night shift,1399/03/16,1399/03/16,21990,21950,21990,21950,-40,40,FALSE,FALSE
245,Pars Petrochemical,C5+,Night shift,1399/03/16,1399/03/17,21420,21310,21420,21310,-110,110,FALSE,FALSE
246,Pars Petrochemical,C5+,Day shift,1399/03/16,1399/03/17,22180,22210,22180,22210,30,30,FALSE,FALSE
247,Pars Petrochemical,C5+,Day shift,1399/03/16,1399/03/17,22620,22570,22620,22570,-50,50,FALSE,FALSE
248,Pars Petrochemical,C5+,Day shift,1399/03/17,1399/03/17,21980,22010,21980,22010,30,30,FALSE,FALSE
249,Tehran,VB,Day shift,1399/03/15,1399/03/18,24340,24290,24340,24290,-50,50,FALSE,FALSE
250,Tehran,VB,Day shift,1399/03/15,1399/03/18,23175,23090,23175,23090,-85,85,FALSE,FALSE
251,Pars Petrochemical,C5+,Evening shift,1399/03/17,1399/03/17,22300,22360,22300,22360,60,60,FALSE,FALSE
252,Pars Petrochemical,C5+,Evening shift,1399/03/17,1399/03/18,22700,22650,22700,22650,-50,50,FALSE,FALSE
253,South Pars,Condensate,Evening shift,1399/03/17,1399/03/18,23085,22880,23085,22880,-205,205,FALSE,FALSE
254,Pars Petrochemical,C5+,Evening shift,1399/03/17,1399/03/18,21870,21870,21870,21870,0,0,FALSE,TRUE
255,Tehran,Iso-Recycle,Evening shift,1399/03/12,1399/03/18,26200,26170,26200,26170,-30,30,FALSE,FALSE
256,Pars Petrochemical,C5+,Evening shift,1399/03/18,1399/03/19,22120,22010,22120,22010,-110,110,FALSE,FALSE
257,Pars Petrochemical,C5+,Evening shift,1399/03/19,1399/03/19,22110,22070,22110,22070,-40,40,FALSE,FALSE
258,Pars Petrochemical,C5+,Evening shift,1399/03/19,1399/03/19,21450,21420,21450,21420,-30,30,FALSE,FALSE
259,South Pars,Condensate,Night shift,1399/03/19,1399/03/19,20675,20790,20675,20790,115,115,FALSE,FALSE
260,South Pars,Condensate,Day shift,1399/03/19,1399/03/20,22717,22660,22717,22660,-57,57,FALSE,FALSE
261,South Pars,Condensate,Evening shift,1399/03/19,1399/03/20,22696,22670,22696,22670,-26,26,FALSE,FALSE
262,South Pars,Condensate,Evening shift,1399/03/19,1399/03/20,22692,22690,22692,22690,-2,2,FALSE,FALSE
263,South Pars,Condensate,Evening shift,1399/03/19,1399/03/20,22748,22670,22748,22670,-78,78,FALSE,FALSE
264,South Pars,Condensate,Evening shift,1399/03/19,1399/03/20,20574,20430,20574,20430,-144,144,FALSE,FALSE
265,South Pars,Condensate,Evening shift,1399/03/20,1399/03/20,22665,22550,22665,22550,-115,115,FALSE,FALSE
