raw_row_number,Origin Departure Date,Destination Arrival Date,origin_format_matches_yyyy_mm_dd,destination_format_matches_yyyy_mm_dd,origin_components_within_broad_ranges,destination_components_within_broad_ranges,destination_label_after_or_equal_origin
2,1398/12/28,1399/01/01,TRUE,TRUE,TRUE,TRUE,TRUE
3,1398/12/27,1399/01/01,TRUE,TRUE,TRUE,TRUE,TRUE
4,1398/12/28,1399/01/01,TRUE,TRUE,TRUE,TRUE,TRUE
5,1398/12/29,1399/01/02,TRUE,TRUE,TRUE,TRUE,TRUE
6,1398/12/28,1399/01/02,TRUE,TRUE,TRUE,TRUE,TRUE
7,1398/12/29,1399/01/02,TRUE,TRUE,TRUE,TRUE,TRUE
8,1399/01/01,1399/01/03,TRUE,TRUE,TRUE,TRUE,TRUE
9,1399/01/02,1399/01/03,TRUE,TRUE,TRUE,TRUE,TRUE
10,1399/01/01,1399/01/03,TRUE,TRUE,TRUE,TRUE,TRUE
11,1399/01/01,1399/01/03,TRUE,TRUE,TRUE,TRUE,TRUE
12,1398/12/27,1399/01/03,TRUE,TRUE,TRUE,TRUE,TRUE
13,1398/12/29,1399/01/03,TRUE,TRUE,TRUE,TRUE,TRUE
14,1399/01/02,1399/01/03,TRUE,TRUE,TRUE,TRUE,TRUE
15,1399/01/02,1399/01/04,TRUE,TRUE,TRUE,TRUE,TRUE
16,1399/01/02,1399/01/03,TRUE,TRUE,TRUE,TRUE,TRUE
17,1399/01/02,1399/01/04,TRUE,TRUE,TRUE,TRUE,TRUE
18,1399/01/03,1399/01/05,TRUE,TRUE,TRUE,TRUE,TRUE
19,1399/01/03,1399/01/05,TRUE,TRUE,TRUE,TRUE,TRUE
20,1399/01/04,1399/01/05,TRUE,TRUE,TRUE,TRUE,TRUE
21,1399/01/04,1399/01/06,TRUE,TRUE,TRUE,TRUE,TRUE
22,1399/01/03,1399/01/05,TRUE,TRUE,TRUE,TRUE,TRUE
23,1399/01/05,1399/01/06,TRUE,TRUE,TRUE,TRUE,TRUE
24,1399/01/04,1399/01/06,TRUE,TRUE,TRUE,TRUE,TRUE
25,1399/01/05,1399/01/06,TRUE,TRUE,TRUE,TRUE,TRUE
26,1399/01/05,1399/01/06,TRUE,TRUE,TRUE,TRUE,TRUE
27,1399/01/05,1399/01/06,TRUE,TRUE,TRUE,TRUE,TRUE
28,1399/01/05,1399/01/06,TRUE,TRUE,TRUE,TRUE,TRUE
29,1399/01/05,1399/01/06,TRUE,TRUE,TRUE,TRUE,TRUE
30,1399/01/04,1399/01/06,TRUE,TRUE,TRUE,TRUE,TRUE
31,1399/01/04,1399/01/06,TRUE,TRUE,TRUE,TRUE,TRUE
32,1399/01/05,1399/01/07,TRUE,TRUE,TRUE,TRUE,TRUE
33,1399/01/05,1399/01/07,TRUE,TRUE,TRUE,TRUE,TRUE
34,1399/01/05,1399/01/07,TRUE,TRUE,TRUE,TRUE,TRUE
35,1399/01/05,1399/01/07,TRUE,TRUE,TRUE,TRUE,TRUE
36,1399/01/05,1399/01/07,TRUE,TRUE,TRUE,TRUE,TRUE
37,1398/12/29,1399/01/07,TRUE,TRUE,TRUE,TRUE,TRUE
38,1399/01/06,1399/01/07,TRUE,TRUE,TRUE,TRUE,TRUE
39,1399/01/05,1399/01/07,TRUE,TRUE,TRUE,TRUE,TRUE
40,1399/01/05,1399/01/07,TRUE,TRUE,TRUE,TRUE,TRUE
41,1399/01/06,1399/01/07,TRUE,TRUE,TRUE,TRUE,TRUE
42,1399/01/05,1399/01/07,TRUE,TRUE,TRUE,TRUE,TRUE
43,1399/01/05,1399/01/07,TRUE,TRUE,TRUE,TRUE,TRUE
44,1399/01/06,1399/01/08,TRUE,TRUE,TRUE,TRUE,TRUE
45,1399/01/06,1399/01/08,TRUE,TRUE,TRUE,TRUE,TRUE
46,1399/01/06,1399/01/08,TRUE,TRUE,TRUE,TRUE,TRUE
47,1399/01/07,1399/01/08,TRUE,TRUE,TRUE,TRUE,TRUE
48,1399/01/07,1399/01/08,TRUE,TRUE,TRUE,TRUE,TRUE
49,1399/01/06,1399/01/09,TRUE,TRUE,TRUE,TRUE,TRUE
50,1399/01/06,1399/01/09,TRUE,TRUE,TRUE,TRUE,TRUE
51,1399/01/06,1399/01/09,TRUE,TRUE,TRUE,TRUE,TRUE
52,1399/01/18,1399/01/20,TRUE,TRUE,TRUE,TRUE,TRUE
53,1399/01/20,1399/01/22,TRUE,TRUE,TRUE,TRUE,TRUE
54,1399/01/25,1399/01/25,TRUE,TRUE,TRUE,TRUE,TRUE
55,1399/01/25,1399/01/25,TRUE,TRUE,TRUE,TRUE,TRUE
56,1399/01/25,1399/01/25,TRUE,TRUE,TRUE,TRUE,TRUE
57,1399/01/25,1399/01/26,TRUE,TRUE,TRUE,TRUE,TRUE
58,1399/01/25,1399/01/26,TRUE,TRUE,TRUE,TRUE,TRUE
59,1399/01/25,1399/01/26,TRUE,TRUE,TRUE,TRUE,TRUE
60,1399/01/25,1399/01/26,TRUE,TRUE,TRUE,TRUE,TRUE
61,1399/01/25,1399/01/26,TRUE,TRUE,TRUE,TRUE,TRUE
62,1399/01/25,1399/01/26,TRUE,TRUE,TRUE,TRUE,TRUE
63,1399/01/25,1399/01/26,TRUE,TRUE,TRUE,TRUE,TRUE
64,1399/01/25,1399/01/26,TRUE,TRUE,TRUE,TRUE,TRUE
65,1399/01/25,1399/01/26,TRUE,TRUE,TRUE,TRUE,TRUE
66,1399/01/25,1399/01/26,TRUE,TRUE,TRUE,TRUE,TRUE
67,1399/01/25,1399/01/26,TRUE,TRUE,TRUE,TRUE,TRUE
68,1399/01/25,1399/01/26,TRUE,TRUE,TRUE,TRUE,TRUE
69,1399/01/25,1399/01/26,TRUE,TRUE,TRUE,TRUE,TRUE
70,1399/01/25,1399/01/26,TRUE,TRUE,TRUE,TRUE,TRUE
71,1399/01/25,1399/01/26,TRUE,TRUE,TRUE,TRUE,TRUE
72,1399/01/25,1399/01/26,TRUE,TRUE,TRUE,TRUE,TRUE
73,1399/01/25,1399/01/26,TRUE,TRUE,TRUE,TRUE,TRUE
74,1399/01/25,1399/01/26,TRUE,TRUE,TRUE,TRUE,TRUE
75,1399/01/25,1399/01/26,TRUE,TRUE,TRUE,TRUE,TRUE
76,1399/01/26,1399/01/26,TRUE,TRUE,TRUE,TRUE,TRUE
77,1399/01/25,1399/01/26,TRUE,TRUE,TRUE,TRUE,TRUE
78,1399/01/26,1399/01/26,TRUE,TRUE,TRUE,TRUE,TRUE
79,1399/01/25,1399/01/26,TRUE,TRUE,TRUE,TRUE,TRUE
80,1399/01/25,1399/01/26,TRUE,TRUE,TRUE,TRUE,TRUE
81,1399/01/25,1399/01/26,TRUE,TRUE,TRUE,TRUE,TRUE
82,1399/01/25,1399/01/26,TRUE,TRUE,TRUE,TRUE,TRUE
83,1399/01/25,1399/01/26,TRUE,TRUE,TRUE,TRUE,TRUE
84,1399/01/26,1399/01/26,TRUE,TRUE,TRUE,TRUE,TRUE
85,1399/01/26,1399/01/26,TRUE,TRUE,TRUE,TRUE,TRUE
86,1399/01/26,1399/01/26,TRUE,TRUE,TRUE,TRUE,TRUE
87,1399/01/26,1399/01/27,TRUE,TRUE,TRUE,TRUE,TRUE
88,1399/01/26,1399/01/27,TRUE,TRUE,TRUE,TRUE,TRUE
89,1399/01/26,1399/01/27,TRUE,TRUE,TRUE,TRUE,TRUE
90,1399/01/26,1399/01/27,TRUE,TRUE,TRUE,TRUE,TRUE
91,1399/01/26,1399/01/27,TRUE,TRUE,TRUE,TRUE,TRUE
92,1399/01/26,1399/01/27,TRUE,TRUE,TRUE,TRUE,TRUE
93,1399/01/26,1399/01/27,TRUE,TRUE,TRUE,TRUE,TRUE
94,1399/01/27,1399/01/27,TRUE,TRUE,TRUE,TRUE,TRUE
95,1399/01/26,1399/01/27,TRUE,TRUE,TRUE,TRUE,TRUE
96,1399/01/26,1399/01/27,TRUE,TRUE,TRUE,TRUE,TRUE
97,1399/01/26,1399/01/27,TRUE,TRUE,TRUE,TRUE,TRUE
98,1399/01/26,1399/01/28,TRUE,TRUE,TRUE,TRUE,TRUE
99,1399/01/26,1399/01/28,TRUE,TRUE,TRUE,TRUE,TRUE
100,1399/01/27,1399/01/28,TRUE,TRUE,TRUE,TRUE,TRUE
101,1399/01/26,1399/01/27,TRUE,TRUE,TRUE,TRUE,TRUE
102,1399/01/27,1399/01/28,TRUE,TRUE,TRUE,TRUE,TRUE
103,1399/01/26,1399/01/28,TRUE,TRUE,TRUE,TRUE,TRUE
104,1399/01/26,1399/01/29,TRUE,TRUE,TRUE,TRUE,TRUE
105,1399/02/03,1399/02/04,TRUE,TRUE,TRUE,TRUE,TRUE
106,1399/02/03,1399/02/04,TRUE,TRUE,TRUE,TRUE,TRUE
107,1399/02/03,1399/02/04,TRUE,TRUE,TRUE,TRUE,TRUE
108,1399/02/03,1399/02/04,TRUE,TRUE,TRUE,TRUE,TRUE
109,1399/02/03,1399/02/04,TRUE,TRUE,TRUE,TRUE,TRUE
110,1399/02/03,1399/02/04,TRUE,TRUE,TRUE,TRUE,TRUE
111,1399/02/03,1399/02/04,TRUE,TRUE,TRUE,TRUE,TRUE
112,1399/02/03,1399/02/04,TRUE,TRUE,TRUE,TRUE,TRUE
113,1399/02/03,1399/02/04,TRUE,TRUE,TRUE,TRUE,TRUE
114,1399/02/03,1399/02/04,TRUE,TRUE,TRUE,TRUE,TRUE
115,1399/02/03,1399/02/04,TRUE,TRUE,TRUE,TRUE,TRUE
116,1399/02/04,1399/02/04,TRUE,TRUE,TRUE,TRUE,TRUE
117,1399/02/03,1399/02/04,TRUE,TRUE,TRUE,TRUE,TRUE
118,1399/02/04,1399/02/04,TRUE,TRUE,TRUE,TRUE,TRUE
119,1399/02/04,1399/02/05,TRUE,TRUE,TRUE,TRUE,TRUE
120,1399/02/04,1399/02/05,TRUE,TRUE,TRUE,TRUE,TRUE
121,1399/02/05,1399/02/05,TRUE,TRUE,TRUE,TRUE,TRUE
122,1399/02/05,1399/02/05,TRUE,TRUE,TRUE,TRUE,TRUE
123,1399/02/05,1399/02/05,TRUE,TRUE,TRUE,TRUE,TRUE
124,1399/02/05,1399/02/05,TRUE,TRUE,TRUE,TRUE,TRUE
125,1399/02/04,1399/02/05,TRUE,TRUE,TRUE,TRUE,TRUE
126,1399/02/04,1399/02/06,TRUE,TRUE,TRUE,TRUE,TRUE
127,1399/02/05,1399/02/06,TRUE,TRUE,TRUE,TRUE,TRUE
128,1399/02/06,1399/02/07,TRUE,TRUE,TRUE,TRUE,TRUE
129,1399/02/06,1399/02/07,TRUE,TRUE,TRUE,TRUE,TRUE
130,1399/02/06,1399/02/07,TRUE,TRUE,TRUE,TRUE,TRUE
131,1399/02/06,1399/02/07,TRUE,TRUE,TRUE,TRUE,TRUE
132,1399/02/06,1399/02/07,TRUE,TRUE,TRUE,TRUE,TRUE
133,1399/02/06,1399/02/07,TRUE,TRUE,TRUE,TRUE,TRUE
134,1399/02/06,1399/02/07,TRUE,TRUE,TRUE,TRUE,TRUE
135,1399/02/06,1399/02/07,TRUE,TRUE,TRUE,TRUE,TRUE
136,1399/02/09,1399/02/10,TRUE,TRUE,TRUE,TRUE,TRUE
137,1399/02/12,1399/02/14,TRUE,TRUE,TRUE,TRUE,TRUE
138,1399/02/20,1399/02/22,TRUE,TRUE,TRUE,TRUE,TRUE
139,1399/02/30,1399/02/31,TRUE,TRUE,TRUE,TRUE,TRUE
140,1399/02/30,1399/02/31,TRUE,TRUE,TRUE,TRUE,TRUE
141,1399/02/30,1399/02/31,TRUE,TRUE,TRUE,TRUE,TRUE
142,1399/02/30,1399/02/31,TRUE,TRUE,TRUE,TRUE,TRUE
143,1399/02/30,1399/02/31,TRUE,TRUE,TRUE,TRUE,TRUE
144,1399/02/30,1399/02/31,TRUE,TRUE,TRUE,TRUE,TRUE
145,1399/02/30,1399/02/31,TRUE,TRUE,TRUE,TRUE,TRUE
146,1399/02/30,1399/02/31,TRUE,TRUE,TRUE,TRUE,TRUE
147,1399/02/30,1399/02/31,TRUE,TRUE,TRUE,TRUE,TRUE
148,1399/02/30,1399/02/31,TRUE,TRUE,TRUE,TRUE,TRUE
149,1399/02/30,1399/02/31,TRUE,TRUE,TRUE,TRUE,TRUE
150,1399/02/30,1399/02/31,TRUE,TRUE,TRUE,TRUE,TRUE
151,1399/02/30,1399/02/31,TRUE,TRUE,TRUE,TRUE,TRUE
152,1399/02/31,1399/02/31,TRUE,TRUE,TRUE,TRUE,TRUE
153,1399/02/30,1399/02/31,TRUE,TRUE,TRUE,TRUE,TRUE
154,1399/02/31,1399/02/31,TRUE,TRUE,TRUE,TRUE,TRUE
155,1399/02/30,1399/02/31,TRUE,TRUE,TRUE,TRUE,TRUE
156,1399/02/31,1399/02/31,TRUE,TRUE,TRUE,TRUE,TRUE
157,1399/02/31,1399/02/31,TRUE,TRUE,TRUE,TRUE,TRUE
158,1399/02/31,1399/02/31,TRUE,TRUE,TRUE,TRUE,TRUE
159,1399/02/31,1399/02/31,TRUE,TRUE,TRUE,TRUE,TRUE
160,1399/02/31,1399/02/31,TRUE,TRUE,TRUE,TRUE,TRUE
161,1399/02/31,1399/02/31,TRUE,TRUE,TRUE,TRUE,TRUE
162,1399/02/31,1399/02/31,TRUE,TRUE,TRUE,TRUE,TRUE
163,1399/02/31,1399/02/31,TRUE,TRUE,TRUE,TRUE,TRUE
164,1399/02/31,1399/03/01,TRUE,TRUE,TRUE,TRUE,TRUE
165,1399/02/31,1399/03/01,TRUE,TRUE,TRUE,TRUE,TRUE
166,1399/02/31,1399/03/01,TRUE,TRUE,TRUE,TRUE,TRUE
167,1399/02/31,1399/03/01,TRUE,TRUE,TRUE,TRUE,TRUE
168,1399/02/31,1399/03/01,TRUE,TRUE,TRUE,TRUE,TRUE
169,1399/02/31,1399/03/01,TRUE,TRUE,TRUE,TRUE,TRUE
170,1399/02/31,1399/03/01,TRUE,TRUE,TRUE,TRUE,TRUE
171,1399/03/01,1399/03/01,TRUE,TRUE,TRUE,TRUE,TRUE
172,1399/03/01,1399/03/01,TRUE,TRUE,TRUE,TRUE,TRUE
173,1399/02/31,1399/03/02,TRUE,TRUE,TRUE,TRUE,TRUE
174,1399/02/31,1399/03/02,TRUE,TRUE,TRUE,TRUE,TRUE
175,1399/03/01,1399/03/02,TRUE,TRUE,TRUE,TRUE,TRUE
176,1399/03/01,1399/03/02,TRUE,TRUE,TRUE,TRUE,TRUE
177,1399/03/01,1399/03/02,TRUE,TRUE,TRUE,TRUE,TRUE
178,1399/03/01,1399/03/02,TRUE,TRUE,TRUE,TRUE,TRUE
179,1399/02/31,1399/03/02,TRUE,TRUE,TRUE,TRUE,TRUE
180,1399/02/31,1399/03/02,TRUE,TRUE,TRUE,TRUE,TRUE
181,1399/03/04,1399/03/05,TRUE,TRUE,TRUE,TRUE,TRUE
182,1399/03/04,1399/03/05,TRUE,TRUE,TRUE,TRUE,TRUE
183,1399/03/04,1399/03/06,TRUE,TRUE,TRUE,TRUE,TRUE
184,1399/03/06,1399/03/07,TRUE,TRUE,TRUE,TRUE,TRUE
185,1399/03/07,1399/03/07,TRUE,TRUE,TRUE,TRUE,TRUE
186,1399/03/09,1399/03/10,TRUE,TRUE,TRUE,TRUE,TRUE
187,1399/03/09,1399/03/10,TRUE,TRUE,TRUE,TRUE,TRUE
188,1399/03/08,1399/03/10,TRUE,TRUE,TRUE,TRUE,TRUE
189,1399/03/09,1399/03/10,TRUE,TRUE,TRUE,TRUE,TRUE
190,1399/03/09,1399/03/10,TRUE,TRUE,TRUE,TRUE,TRUE
191,1399/03/09,1399/03/10,TRUE,TRUE,TRUE,TRUE,TRUE
192,1399/03/08,1399/03/11,TRUE,TRUE,TRUE,TRUE,TRUE
193,1399/03/09,1399/03/11,TRUE,TRUE,TRUE,TRUE,TRUE
194,1399/03/09,1399/03/10,TRUE,TRUE,TRUE,TRUE,TRUE
195,1399/03/08,1399/03/11,TRUE,TRUE,TRUE,TRUE,TRUE
196,1399/03/10,1399/03/11,TRUE,TRUE,TRUE,TRUE,TRUE
197,1399/03/10,1399/03/11,TRUE,TRUE,TRUE,TRUE,TRUE
198,1399/03/09,1399/03/11,TRUE,TRUE,TRUE,TRUE,TRUE
199,1399/03/09,1399/03/11,TRUE,TRUE,TRUE,TRUE,TRUE
200,1399/03/10,1399/03/11,TRUE,TRUE,TRUE,TRUE,TRUE
201,1399/03/10,1399/03/12,TRUE,TRUE,TRUE,TRUE,TRUE
202,1399/03/10,1399/03/12,TRUE,TRUE,TRUE,TRUE,TRUE
203,1399/03/10,1399/03/12,TRUE,TRUE,TRUE,TRUE,TRUE
204,1399/03/10,1399/03/12,TRUE,TRUE,TRUE,TRUE,TRUE
205,1399/03/12,1399/03/12,TRUE,TRUE,TRUE,TRUE,TRUE
206,1399/03/09,1399/03/12,TRUE,TRUE,TRUE,TRUE,TRUE
207,1399/03/11,1399/03/13,TRUE,TRUE,TRUE,TRUE,TRUE
208,1399/03/11,1399/03/13,TRUE,TRUE,TRUE,TRUE,TRUE
209,1399/03/11,1399/03/13,TRUE,TRUE,TRUE,TRUE,TRUE
210,1399/03/13,1399/03/13,TRUE,TRUE,TRUE,TRUE,TRUE
211,1399/03/13,1399/03/14,TRUE,TRUE,TRUE,TRUE,TRUE
212,1399/03/13,1399/03/14,TRUE,TRUE,TRUE,TRUE,TRUE
213,1399/03/13,1399/03/13,TRUE,TRUE,TRUE,TRUE,TRUE
214,1399/03/13,1399/03/14,TRUE,TRUE,TRUE,TRUE,TRUE
215,1399/03/13,1399/03/14,TRUE,TRUE,TRUE,TRUE,TRUE
216,1399/03/12,1399/03/14,TRUE,TRUE,TRUE,TRUE,TRUE
217,1399/03/12,1399/03/14,TRUE,TRUE,TRUE,TRUE,TRUE
218,1399/03/13,1399/03/14,TRUE,TRUE,TRUE,TRUE,TRUE
219,1399/03/13,1399/03/14,TRUE,TRUE,TRUE,TRUE,TRUE
220,1399/03/13,1399/03/14,TRUE,TRUE,TRUE,TRUE,TRUE
221,1399/03/14,1399/03/14,TRUE,TRUE,TRUE,TRUE,TRUE
222,1399/03/14,1399/03/15,TRUE,TRUE,TRUE,TRUE,TRUE
223,1399/03/14,1399/03/15,TRUE,TRUE,TRUE,TRUE,TRUE
224,1399/03/14,1399/03/15,TRUE,TRUE,TRUE,TRUE,TRUE
225,1399/03/14,1399/03/15,TRUE,TRUE,TRUE,TRUE,TRUE
226,1399/03/14,1399/03/15,TRUE,TRUE,TRUE,TRUE,TRUE
227,1399/03/14,1399/03/15,TRUE,TRUE,TRUE,TRUE,TRUE
228,1399/03/13,1399/03/15,TRUE,TRUE,TRUE,TRUE,TRUE
229,1399/03/13,1399/03/16,TRUE,TRUE,TRUE,TRUE,TRUE
230,1399/03/14,1399/03/16,TRUE,TRUE,TRUE,TRUE,TRUE
231,1399/03/14,1399/03/16,TRUE,TRUE,TRUE,TRUE,TRUE
232,1399/03/14,1399/03/16,TRUE,TRUE,TRUE,TRUE,TRUE
233,1399/03/15,1399/03/16,TRUE,TRUE,TRUE,TRUE,TRUE
234,1399/03/14,1399/03/16,TRUE,TRUE,TRUE,TRUE,TRUE
235,1399/03/14,1399/03/16,TRUE,TRUE,TRUE,TRUE,TRUE
236,1399/03/15,1399/03/16,TRUE,TRUE,TRUE,TRUE,TRUE
237,1399/03/15,1399/03/17,TRUE,TRUE,TRUE,TRUE,TRUE
238,1399/03/15,1399/03/17,TRUE,TRUE,TRUE,TRUE,TRUE
239,1399/03/15,1399/03/15,TRUE,TRUE,TRUE,TRUE,TRUE
240,1399/03/15,1399/03/15,TRUE,TRUE,TRUE,TRUE,TRUE
241,1399/03/15,1399/03/16,TRUE,TRUE,TRUE,TRUE,TRUE
242,1399/03/15,1399/03/16,TRUE,TRUE,TRUE,TRUE,TRUE
243,1399/03/16,1399/03/16,TRUE,TRUE,TRUE,TRUE,TRUE
244,1399/03/16,1399/03/16,TRUE,TRUE,TRUE,TRUE,TRUE
245,1399/03/16,1399/03/17,TRUE,TRUE,TRUE,TRUE,TRUE
246,1399/03/16,1399/03/17,TRUE,TRUE,TRUE,TRUE,TRUE
247,1399/03/16,1399/03/17,TRUE,TRUE,TRUE,TRUE,TRUE
248,1399/03/17,1399/03/17,TRUE,TRUE,TRUE,TRUE,TRUE
249,1399/03/15,1399/03/18,TRUE,TRUE,TRUE,TRUE,TRUE
250,1399/03/15,1399/03/18,TRUE,TRUE,TRUE,TRUE,TRUE
251,1399/03/17,1399/03/17,TRUE,TRUE,TRUE,TRUE,TRUE
252,1399/03/17,1399/03/18,TRUE,TRUE,TRUE,TRUE,TRUE
253,1399/03/17,1399/03/18,TRUE,TRUE,TRUE,TRUE,TRUE
254,1399/03/17,1399/03/18,TRUE,TRUE,TRUE,TRUE,TRUE
255,1399/03/12,1399/03/18,TRUE,TRUE,TRUE,TRUE,TRUE
256,1399/03/18,1399/03/19,TRUE,TRUE,TRUE,TRUE,TRUE
257,1399/03/19,1399/03/19,TRUE,TRUE,TRUE,TRUE,TRUE
258,1399/03/19,1399/03/19,TRUE,TRUE,TRUE,TRUE,TRUE
259,1399/03/19,1399/03/19,TRUE,TRUE,TRUE,TRUE,TRUE
260,1399/03/19,1399/03/20,TRUE,TRUE,TRUE,TRUE,TRUE
261,1399/03/19,1399/03/20,TRUE,TRUE,TRUE,TRUE,TRUE
262,1399/03/19,1399/03/20,TRUE,TRUE,TRUE,TRUE,TRUE
263,1399/03/19,1399/03/20,TRUE,TRUE,TRUE,TRUE,TRUE
264,1399/03/19,1399/03/20,TRUE,TRUE,TRUE,TRUE,TRUE
265,1399/03/20,1399/03/20,TRUE,TRUE,TRUE,TRUE,TRUE
